Date,Open,High,Low,Close,Adj Close,Volume
2016-01-04,25.652500,26.342501,25.500000,26.337500,24.251432,270597600
2016-01-05,26.437500,26.462500,25.602501,25.677500,23.643713,223164000
2016-01-06,25.139999,25.592501,24.967501,25.174999,23.181011,273829600
2016-01-07,24.670000,25.032499,24.107500,24.112499,22.202667,324377600
2016-01-08,24.637501,24.777500,24.190001,24.240000,22.320068,283192000
2016-01-11,24.742500,24.764999,24.334999,24.632500,22.681482,198957600
2016-01-12,25.137501,25.172501,24.709999,24.990000,23.010664,196616800
2016-01-13,25.080000,25.297501,24.325001,24.347500,22.419056,249758400
2016-01-14,24.490000,25.120001,23.934999,24.879999,22.909380,252680400
2016-01-15,24.049999,24.427500,23.840000,24.282499,22.359201,319335600
2016-01-19,24.602501,24.662500,23.875000,24.165001,22.251005,212350800
2016-01-20,23.775000,24.547501,23.355000,24.197500,22.280935,289337600
2016-01-21,24.264999,24.469999,23.735001,24.075001,22.168139,208646000
2016-01-22,24.657499,25.365000,24.592501,25.355000,23.346754,263202000
2016-01-25,25.379999,25.382500,24.802500,24.860001,22.890961,207178000
2016-01-26,24.982500,25.219999,24.517500,24.997499,23.017569,300308000
2016-01-27,24.010000,24.157499,23.334999,23.355000,21.505169,533478800
2016-01-28,23.447500,23.629999,23.097500,23.522499,21.659397,222715200
2016-01-29,23.697500,24.334999,23.587500,24.334999,22.407547,257666000
2016-02-01,24.117500,24.177500,23.850000,24.107500,22.198065,163774000
2016-02-02,23.855000,24.010000,23.570000,23.620001,21.749178,149428800
2016-02-03,23.750000,24.209999,23.520000,24.087500,22.179647,183857200
2016-02-04,23.965000,24.332500,23.797501,24.150000,22.357862,185886800
2016-02-05,24.129999,24.230000,23.422501,23.504999,21.760733,185672400
2016-02-08,23.282499,23.924999,23.260000,23.752501,21.989861,216085600
2016-02-09,23.572500,23.985001,23.482500,23.747499,21.985229,177324800
2016-02-10,23.980000,24.087500,23.525000,23.567499,21.818586,169374400
2016-02-11,23.447500,23.680000,23.147499,23.424999,21.686663,200298800
2016-02-12,23.547501,23.625000,23.252501,23.497499,21.753784,161405600
2016-02-16,23.754999,24.212500,23.652500,24.160000,22.367115,196231600
2016-02-17,24.167500,24.552500,24.037500,24.530001,22.709663,179452800
2016-02-18,24.709999,24.722500,24.022499,24.065001,22.279173,156084000
2016-02-19,24.000000,24.190001,23.950001,24.010000,22.228252,141496800
2016-02-22,24.077499,24.225000,23.980000,24.219999,22.422665,137123200
2016-02-23,24.100000,24.125000,23.637501,23.672501,21.915798,127770400
2016-02-24,23.495001,24.094999,23.330000,24.025000,22.242132,145022800
2016-02-25,24.012501,24.190001,23.812500,24.190001,22.394894,110330800
2016-02-26,24.299999,24.504999,24.145000,24.227501,22.429613,115964400
2016-02-29,24.215000,24.557501,24.162500,24.172501,22.378691,140865200
2016-03-01,24.412500,25.192499,24.355000,25.132500,23.267452,201628400
2016-03-02,25.127501,25.222500,24.910000,25.187500,23.318371,132678400
2016-03-03,25.145000,25.427500,25.112499,25.375000,23.491957,147822800
2016-03-04,25.592501,25.937500,25.342501,25.752501,23.841440,184220400
2016-03-07,25.597500,25.707500,25.240000,25.467501,23.577599,143315600
2016-03-08,25.195000,25.440001,25.100000,25.257500,23.383175,126247600
2016-03-09,25.327499,25.395000,25.067499,25.280001,23.404007,108806800
2016-03-10,25.352501,25.559999,25.037500,25.292500,23.415581,134054400
2016-03-11,25.559999,25.570000,25.375000,25.565001,23.667858,109632800
2016-03-14,25.477501,25.727501,25.445000,25.629999,23.728035,100304400
2016-03-15,25.990000,26.295000,25.962500,26.145000,24.204824,160270800
2016-03-16,26.152500,26.577499,26.147499,26.492500,24.526529,153214000
2016-03-17,26.379999,26.617500,26.240000,26.450001,24.487188,137682800
2016-03-18,26.584999,26.625000,26.297501,26.480000,24.514957,176820800
2016-03-21,26.482500,26.912500,26.285000,26.477501,24.512642,142010800
2016-03-22,26.312500,26.822500,26.302500,26.680000,24.700117,129777600
2016-03-23,26.620001,26.767500,26.475000,26.532499,24.563564,102814000
2016-03-24,26.367500,26.562500,26.222500,26.417500,24.457092,104532000
2016-03-28,26.500000,26.547501,26.264999,26.297501,24.346006,77645600
2016-03-29,26.222500,26.947500,26.219999,26.920000,24.922306,124760400
2016-03-30,27.162500,27.605000,27.150000,27.389999,25.357422,182404400
2016-03-31,27.430000,27.475000,27.219999,27.247499,25.225498,103553600
2016-04-01,27.195000,27.500000,27.049999,27.497499,25.456945,103496000
2016-04-04,27.605000,28.047501,27.567499,27.780001,25.718489,149424800
2016-04-05,27.377501,27.682501,27.355000,27.452499,25.415285,106314800
2016-04-06,27.557501,27.745001,27.299999,27.740000,25.681454,105616400
2016-04-07,27.487499,27.605000,27.030001,27.135000,25.121349,127207600
2016-04-08,27.227501,27.442499,27.042500,27.165001,25.149122,94326800
2016-04-11,27.242500,27.652500,27.207500,27.254999,25.232443,117630000
2016-04-12,27.334999,27.625000,27.165001,27.610001,25.561104,108929200
2016-04-13,27.700001,28.084999,27.700001,28.010000,25.931417,133029200
2016-04-14,27.905001,28.097500,27.832500,28.025000,25.945303,101895600
2016-04-15,28.027500,28.075001,27.432501,27.462500,25.424547,187756000
2016-04-18,27.222500,27.237499,26.735001,26.870001,24.876017,243286000
2016-04-19,26.969999,27.000000,26.557501,26.727501,24.744089,129539600
2016-04-20,26.660000,27.022499,26.514999,26.782499,24.795004,122444000
2016-04-21,26.732500,26.732500,26.379999,26.492500,24.526529,126210000
2016-04-22,26.252501,26.620001,26.155001,26.420000,24.459408,134732400
2016-04-25,26.250000,26.412500,26.127501,26.270000,24.320538,112126400
2016-04-26,25.977501,26.325001,25.977501,26.087500,24.151579,224064800
2016-04-27,24.000000,24.677500,23.920000,24.455000,22.640228,458408400
2016-04-28,24.402500,24.469999,23.562500,23.707500,21.948202,328970800
2016-04-29,23.497499,23.680000,23.127501,23.434999,21.695917,274126000
2016-05-02,23.492500,23.520000,23.100000,23.410000,21.672777,192640400
2016-05-03,23.549999,23.934999,23.420000,23.795000,22.029207,227325200
2016-05-04,23.799999,23.975000,23.455000,23.547501,21.800076,164102000
2016-05-05,23.500000,23.517500,23.170000,23.309999,21.711590,143562000
2016-05-06,23.342501,23.362499,22.962500,23.180000,21.590506,174799600
2016-05-09,23.250000,23.442499,23.147499,23.197500,21.606802,131745600
2016-05-10,23.332500,23.392500,23.027500,23.355000,21.753502,134747200
2016-05-11,23.370001,23.392500,23.115000,23.127501,21.541599,114876400
2016-05-12,23.180000,23.195000,22.367500,22.584999,21.036303,305258800
2016-05-13,22.500000,22.917500,22.500000,22.629999,21.078215,177571200
2016-05-16,23.097500,23.597500,22.912500,23.469999,21.860615,245039200
2016-05-17,23.637501,23.674999,23.252501,23.372499,21.769796,187667600
2016-05-18,23.540001,23.802500,23.472500,23.639999,22.018957,168249600
2016-05-19,23.660000,23.660000,23.392500,23.549999,21.935127,121768400
2016-05-20,23.660000,23.857500,23.629999,23.805000,22.172642,128104000
2016-05-23,23.967501,24.297501,23.917500,24.107500,22.454401,152074400
2016-05-24,24.305000,24.522499,24.209999,24.475000,22.796703,140560800
2016-05-25,24.667500,24.934999,24.527500,24.905001,23.197216,152675200
2016-05-26,24.920000,25.182501,24.660000,25.102501,23.381174,225324800
2016-05-27,24.860001,25.117500,24.812500,25.087500,23.367197,145364800
2016-05-31,24.900000,25.100000,24.705000,24.965000,23.253101,169228800
2016-06-01,24.754999,24.885000,24.582500,24.615000,22.927101,116693200
2016-06-02,24.400000,24.459999,24.157499,24.430000,22.754789,160766400
2016-06-03,24.447500,24.567499,24.362499,24.480000,22.801359,114019600
2016-06-06,24.497499,25.472500,24.387501,24.657499,22.966686,93170000
2016-06-07,24.812500,24.967501,24.740000,24.757500,23.059830,89638000
2016-06-08,24.754999,24.889999,24.670000,24.735001,23.038870,83392400
2016-06-09,24.625000,24.997499,24.615000,24.912500,23.204201,106405600
2016-06-10,24.632500,24.837500,24.620001,24.707500,23.013256,126851600
2016-06-13,24.672501,24.780001,24.275000,24.334999,22.666298,152082000
2016-06-14,24.330000,24.620001,24.187500,24.365000,22.694241,127727600
2016-06-15,24.455000,24.602501,24.257500,24.285000,22.619730,117780800
2016-06-16,24.112499,24.437500,24.017500,24.387501,22.715199,125307200
2016-06-17,24.155001,24.162500,23.825001,23.832500,22.198257,244032800
2016-06-20,24.000000,24.142500,23.757500,23.775000,22.144703,137647600
2016-06-21,23.735001,24.087500,23.670000,23.977501,22.333317,142185600
2016-06-22,24.062500,24.222500,23.837500,23.887501,22.249491,116876400
2016-06-23,23.985001,24.072500,23.812500,24.025000,22.377552,128960800
2016-06-24,23.227501,23.665001,23.162500,23.350000,21.748837,301245600
2016-06-27,23.250000,23.262501,22.875000,23.010000,21.432161,181958400
2016-06-28,23.225000,23.415001,23.035000,23.397499,21.793083,161779600
2016-06-29,23.492500,23.637501,23.407499,23.600000,21.981699,146124000
2016-06-30,23.610001,23.942499,23.575001,23.900000,22.261126,143345600
2016-07-01,23.872499,24.117500,23.832500,23.972500,22.328663,104106000
2016-07-05,23.847500,23.850000,23.615000,23.747499,22.119085,110820800
2016-07-06,23.650000,23.915001,23.592501,23.882500,22.244831,123796400
2016-07-07,23.924999,24.125000,23.905001,23.985001,22.340300,100558400
2016-07-08,24.122499,24.222500,24.012501,24.170000,22.512611,115648400
2016-07-11,24.187500,24.412500,24.182501,24.245001,22.582466,95179600
2016-07-12,24.292500,24.424999,24.280001,24.355000,22.684927,96670000
2016-07-13,24.352501,24.417500,24.209999,24.217501,22.556862,103568800
2016-07-14,24.347500,24.747499,24.330000,24.697500,23.003946,155676000
2016-07-15,24.730000,24.825001,24.625000,24.695000,23.001614,120548000
2016-07-18,24.674999,25.032499,24.650000,24.957500,23.246115,145975600
2016-07-19,24.889999,25.000000,24.834999,24.967501,23.255426,95119600
2016-07-20,25.000000,25.115000,24.934999,24.990000,23.276386,105104000
2016-07-21,24.957500,25.250000,24.782499,24.857500,23.152975,130808000
2016-07-22,24.815001,24.825001,24.577499,24.665001,22.973675,113254800
2016-07-25,24.562500,24.709999,24.230000,24.334999,22.666298,161531600
2016-07-26,24.205000,24.492500,24.105000,24.167500,22.510288,224959200
2016-07-27,26.067499,26.087500,25.687500,25.737499,23.972630,369379200
2016-07-28,25.707500,26.112499,25.705000,26.084999,24.296303,159479200
2016-07-29,26.047501,26.137501,25.920000,26.052500,24.266026,110934800
2016-08-01,26.102501,26.537500,26.102501,26.512501,24.694483,152671600
2016-08-02,26.512501,26.517500,26.000000,26.120001,24.328903,135266400
2016-08-03,26.202499,26.459999,26.192499,26.447500,24.633945,120810400
2016-08-04,26.395000,26.500000,26.320000,26.467501,24.786114,109634800
2016-08-05,26.567499,26.912500,26.545000,26.870001,25.163052,162213600
2016-08-08,26.879999,27.092501,26.790001,27.092501,25.371418,112148800
2016-08-09,27.057501,27.235001,27.002501,27.202499,25.474426,105260800
2016-08-10,27.177500,27.225000,26.940001,27.000000,25.284788,96034000
2016-08-11,27.129999,27.232500,26.962500,26.982500,25.268400,109938000
2016-08-12,26.945000,27.110001,26.945000,27.045000,25.326935,74641600
2016-08-15,27.035000,27.385000,27.020000,27.370001,25.631292,103472800
2016-08-16,27.407499,27.557501,27.302500,27.344999,25.607874,135177600
2016-08-17,27.275000,27.342501,27.084999,27.305000,25.570414,101424000
2016-08-18,27.307501,27.400000,27.254999,27.270000,25.537642,87938800
2016-08-19,27.192499,27.422501,27.090000,27.340000,25.603193,101472400
2016-08-22,27.215000,27.275000,26.962500,27.127501,25.404194,103280800
2016-08-23,27.147499,27.330000,27.132500,27.212500,25.483789,85030800
2016-08-24,27.142500,27.187500,26.920000,27.007500,25.291819,94700400
2016-08-25,26.847500,26.969999,26.670000,26.892500,25.184116,100344800
2016-08-26,26.852501,26.987499,26.577499,26.735001,25.036627,111065200
2016-08-29,26.655001,26.860001,26.572500,26.705000,25.008530,99881200
2016-08-30,26.450001,26.625000,26.375000,26.500000,24.816555,99455600
2016-08-31,26.415001,26.642500,26.410000,26.525000,24.839964,118649600
2016-09-01,26.535000,26.700001,26.405001,26.682501,24.987465,106806000
2016-09-02,26.924999,27.000000,26.705000,26.932501,25.221581,107210000
2016-09-06,26.975000,27.075001,26.877501,26.924999,25.214558,107521600
2016-09-07,26.957500,27.190001,26.767500,27.090000,25.369076,169457200
2016-09-08,26.812500,26.817499,26.309999,26.379999,24.704176,212008000
2016-09-09,26.160000,26.430000,25.782499,25.782499,24.144632,186228000
2016-09-12,25.662500,26.430000,25.632500,26.360001,24.685444,181171200
2016-09-13,26.877501,27.197500,26.809999,26.987499,25.273083,248704800
2016-09-14,27.182501,28.257500,27.150000,27.942499,26.167418,443554800
2016-09-15,28.465000,28.932501,28.372499,28.892500,27.057066,359934400
2016-09-16,28.780001,29.032499,28.510000,28.730000,26.904890,319547600
2016-09-19,28.797501,29.045000,28.312500,28.395000,26.591171,188092000
2016-09-20,28.262501,28.530001,28.127501,28.392500,26.588829,138057200
2016-09-21,28.462500,28.497499,28.110001,28.387501,26.584146,144012800
2016-09-22,28.587500,28.735001,28.500000,28.655001,26.834660,124296000
2016-09-23,28.605000,28.697500,27.887501,28.177500,26.387491,209924800
2016-09-26,27.910000,28.347500,27.887501,28.219999,26.427286,119477600
2016-09-27,28.250000,28.295000,28.084999,28.272499,26.476454,98429600
2016-09-28,28.422501,28.660000,28.357500,28.487499,26.677795,118564400
2016-09-29,28.290001,28.450001,27.950001,28.045000,26.263411,143548000
2016-09-30,28.115000,28.342501,27.950001,28.262501,26.467094,145516400
2016-10-03,28.177500,28.262501,28.070000,28.129999,26.343008,86807200
2016-10-04,28.264999,28.577499,28.157499,28.250000,26.455381,118947200
2016-10-05,28.350000,28.415001,28.172501,28.262501,26.467094,85812400
2016-10-06,28.424999,28.584999,28.282499,28.472500,26.663742,115117200
2016-10-07,28.577499,28.639999,28.377501,28.514999,26.703550,97433600
2016-10-10,28.754999,29.187500,28.680000,29.012501,27.169445,144944000
2016-10-11,29.424999,29.672501,29.049999,29.075001,27.227974,256164000
2016-10-12,29.337500,29.495001,29.187500,29.334999,27.471458,150347200
2016-10-13,29.197500,29.360001,28.930000,29.245001,27.387178,140769600
2016-10-14,29.469999,29.542500,29.282499,29.407499,27.539352,142608800
2016-10-17,29.332500,29.459999,29.195000,29.387501,27.520624,94499600
2016-10-18,29.545000,29.552500,29.362499,29.367500,27.501894,98214000
2016-10-19,29.312500,29.440001,28.450001,29.280001,27.419950,80138400
2016-10-20,29.215000,29.344999,29.082500,29.264999,27.405910,96503200
2016-10-21,29.202499,29.227501,29.070000,29.150000,27.298204,92770800
2016-10-24,29.275000,29.434999,29.250000,29.412500,27.544035,94154800
2016-10-25,29.487499,29.590000,29.327499,29.562500,27.684504,192516000
2016-10-26,28.577499,28.924999,28.327499,28.897499,27.061750,264536800
2016-10-27,28.847500,28.965000,28.525000,28.620001,26.801880,138248000
2016-10-28,28.467501,28.802500,28.362499,28.430000,26.623949,151446800
2016-10-31,28.412500,28.557501,28.299999,28.385000,26.581810,105677600
2016-11-01,28.365000,28.442499,27.632500,27.872499,26.101864,175303200
2016-11-02,27.850000,28.087500,27.807501,27.897499,26.125273,113326800
2016-11-03,27.745001,27.865000,27.387501,27.457500,25.845247,107730400
2016-11-04,27.132500,27.562500,27.027500,27.209999,25.612272,123348000
2016-11-07,27.520000,27.627501,27.365000,27.602501,25.981735,130240000
2016-11-08,27.577499,27.930000,27.424999,27.764999,26.134686,97016800
2016-11-09,27.469999,27.830000,27.012501,27.719999,26.092329,236705600
2016-11-10,27.772499,27.772499,26.457500,26.947500,25.365192,228538000
2016-11-11,26.780001,27.217501,26.637501,27.107500,25.515799,136575600
2016-11-14,26.927500,26.952499,26.020000,26.427500,24.875727,204702000
2016-11-15,26.642500,26.920000,26.540001,26.777500,25.205170,129058000
2016-11-16,26.674999,27.557501,26.650000,27.497499,25.882896,235362000
2016-11-17,27.452499,27.587500,27.207500,27.487499,25.873482,110528000
2016-11-18,27.430000,27.635000,27.415001,27.514999,25.899370,113715600
2016-11-21,27.530001,27.997499,27.502501,27.932501,26.292351,117058400
2016-11-22,27.987499,28.105000,27.850000,27.950001,26.308828,103862000
2016-11-23,27.840000,27.877501,27.582500,27.807501,26.174696,109705600
2016-11-25,27.782499,27.967501,27.737499,27.947500,26.306475,45903600
2016-11-28,27.857500,28.117500,27.847500,27.892500,26.254705,108776000
2016-11-29,27.695000,28.007500,27.517500,27.865000,26.228819,114115200
2016-11-30,27.900000,28.049999,27.567499,27.629999,26.007620,144649200
2016-12-01,27.592501,27.735001,27.257500,27.372499,25.765236,148347600
2016-12-02,27.292500,27.522499,27.212500,27.475000,25.861717,106112000
2016-12-05,27.500000,27.507500,27.062500,27.277500,25.675812,137298000
2016-12-06,27.375000,27.590000,27.297501,27.487499,25.873482,104782000
2016-12-07,27.315001,27.797501,27.290001,27.757500,26.127628,119994800
2016-12-08,27.715000,28.107500,27.650000,28.030001,26.384130,108273200
2016-12-09,28.077499,28.674999,28.077499,28.487499,26.814768,137610400
2016-12-12,28.322500,28.750000,28.122499,28.325001,26.661804,105497600
2016-12-13,28.459999,28.980000,28.437500,28.797501,27.106567,174935200
2016-12-14,28.760000,29.049999,28.745001,28.797501,27.106567,136127200
2016-12-15,28.844999,29.182501,28.807501,28.955000,27.254814,186098000
2016-12-16,29.117500,29.125000,28.912500,28.992500,27.290113,177404400
2016-12-19,28.950001,29.344999,28.937500,29.160000,27.447777,111117600
2016-12-20,29.184999,29.375000,29.170000,29.237499,27.520727,85700000
2016-12-21,29.200001,29.350000,29.195000,29.264999,27.546616,95132800
2016-12-22,29.087500,29.127501,28.910000,29.072500,27.365416,104343600
2016-12-23,28.897499,29.129999,28.897499,29.129999,27.419540,56998000
2016-12-27,29.129999,29.450001,29.122499,29.315001,27.593679,73187600
2016-12-28,29.379999,29.504999,29.049999,29.190001,27.476015,83623600
2016-12-29,29.112499,29.277500,29.100000,29.182501,27.468958,60158000
2016-12-30,29.162500,29.299999,28.857500,28.955000,27.254814,122345200
2017-01-03,28.950001,29.082500,28.690001,29.037500,27.332468,115127600
2017-01-04,28.962500,29.127501,28.937500,29.004999,27.301878,84472400
2017-01-05,28.980000,29.215000,28.952499,29.152500,27.440722,88774400
2017-01-06,29.195000,29.540001,29.117500,29.477501,27.746632,127007600
2017-01-09,29.487499,29.857500,29.485001,29.747499,28.000780,134247600
2017-01-10,29.692499,29.844999,29.575001,29.777500,28.029018,97848400
2017-01-11,29.684999,29.982500,29.650000,29.937500,28.179621,110354400
2017-01-12,29.725000,29.825001,29.552500,29.812500,28.061962,108344800
2017-01-13,29.777500,29.905001,29.702499,29.760000,28.012548,104447600
2017-01-17,29.584999,30.059999,29.555000,30.000000,28.238455,137759200
2017-01-18,30.000000,30.125000,29.927500,29.997499,28.236099,94852000
2017-01-19,29.850000,30.022499,29.842501,29.945000,28.186687,102389200
2017-01-20,30.112499,30.112499,29.932501,30.000000,28.238455,130391600
2017-01-23,30.000000,30.202499,29.942499,30.020000,28.257278,88200800
2017-01-24,29.887501,30.025000,29.875000,29.992500,28.231396,92844000
2017-01-25,30.105000,30.525000,30.070000,30.469999,28.680855,129510400
2017-01-26,30.417500,30.610001,30.400000,30.485001,28.694981,105350400
2017-01-27,30.535000,30.587500,30.400000,30.487499,28.697329,82251600
2017-01-30,30.232500,30.407499,30.165001,30.407499,28.622028,121510000
2017-01-31,30.287500,30.347500,30.155001,30.337500,28.556139,196804000
2017-02-01,31.757500,32.622501,31.752501,32.187500,30.297510,447940000
2017-02-02,31.995001,32.347500,31.945000,32.132500,30.245735,134841600
2017-02-03,32.077499,32.297501,32.040001,32.270000,30.375164,98029200
2017-02-06,32.282501,32.625000,32.224998,32.572498,30.659895,107383600
2017-02-07,32.634998,33.022499,32.612499,32.882500,30.951698,152735200
2017-02-08,32.837502,33.055000,32.805000,33.009998,31.071709,92016400
2017-02-09,32.912498,33.112499,32.779999,33.105000,31.296242,113399600
2017-02-10,33.115002,33.235001,33.012501,33.029999,31.225336,80262000
2017-02-13,33.270000,33.455002,33.187500,33.322498,31.501860,92141600
2017-02-14,33.367500,33.772499,33.312500,33.755001,31.910719,132904800
2017-02-15,33.880001,34.067501,33.654999,33.877499,32.026527,142492400
2017-02-16,33.917500,33.974998,33.709999,33.837502,31.988720,90338400
2017-02-17,33.775002,33.957500,33.775002,33.930000,32.076157,88792800
2017-02-21,34.057499,34.187500,33.994999,34.174999,32.307777,98028800
2017-02-22,34.107498,34.279999,34.027500,34.277500,32.404667,83347600
2017-02-23,34.345001,34.369999,34.075001,34.132500,32.267593,83152800
2017-02-24,33.977501,34.165001,33.820000,34.165001,32.298317,87106400
2017-02-27,34.285000,34.360001,34.070000,34.232498,32.362129,81029600
2017-02-28,34.270000,34.360001,34.174999,34.247501,32.376308,93931600
2017-03-01,34.472500,35.037498,34.400002,34.947498,33.038067,145658400
2017-03-02,35.000000,35.070000,34.689999,34.740002,32.841908,104844000
2017-03-03,34.695000,34.957500,34.647499,34.945000,33.035706,84432400
2017-03-06,34.842499,34.942501,34.650002,34.834999,32.931709,87000000
2017-03-07,34.764999,34.994999,34.697498,34.880001,32.974255,69785200
2017-03-08,34.737499,34.950001,34.705002,34.750000,32.851349,74828800
2017-03-09,34.685001,34.697498,34.262501,34.669998,32.775734,88623600
2017-03-10,34.812500,34.840000,34.660000,34.785000,32.884449,78451200
2017-03-13,34.712502,34.857498,34.705002,34.799999,32.898621,69686800
2017-03-14,34.825001,34.912498,34.709999,34.747501,32.848995,61236400
2017-03-15,34.852501,35.187500,34.757500,35.115002,33.196419,102767200
2017-03-16,35.180000,35.255001,35.064999,35.172501,33.250774,76928000
2017-03-17,35.250000,35.250000,34.972500,34.997501,33.085339,175540000
2017-03-20,35.099998,35.375000,35.057499,35.365002,33.432758,86168000
2017-03-21,35.527500,35.700001,34.932499,34.959999,33.049885,158119600
2017-03-22,34.962502,35.400002,34.939999,35.355000,33.423298,103440800
2017-03-23,35.314999,35.395000,35.152500,35.230000,33.305138,81385200
2017-03-24,35.375000,35.435001,35.087502,35.160000,33.238956,89582400
2017-03-27,34.847500,35.305000,34.654999,35.220001,33.295677,94300400
2017-03-28,35.227501,36.009998,35.154999,35.950001,33.985794,133499200
2017-03-29,35.919998,36.122501,35.797501,36.029999,34.061420,116760000
2017-03-30,36.047501,36.125000,35.875000,35.982498,34.016514,84829200
2017-03-31,35.930000,36.067501,35.752499,35.915001,33.952702,78646800
2017-04-03,35.927502,36.029999,35.762501,35.924999,33.962158,79942800
2017-04-04,35.812500,36.222500,35.792500,36.192501,34.215046,79565600
2017-04-05,36.055000,36.365002,35.952499,36.005001,34.037796,110871600
2017-04-06,36.072498,36.130001,35.862499,35.915001,33.952702,84596000
2017-04-07,35.932499,36.044998,35.817501,35.834999,33.877083,66688800
2017-04-10,35.900002,35.970001,35.724998,35.792500,33.836899,75733600
2017-04-11,35.735001,35.837502,35.014999,35.407501,33.472942,121517600
2017-04-12,35.400002,35.537498,35.252499,35.450001,33.513107,81400000
2017-04-13,35.477501,35.595001,35.262501,35.262501,33.335857,71291600
2017-04-17,35.369999,35.470001,35.217499,35.457500,33.520199,66328400
2017-04-18,35.352501,35.509998,35.277500,35.299999,33.371315,58790000
2017-04-19,35.470001,35.500000,35.112499,35.169998,33.248405,69313600
2017-04-20,35.305000,35.730000,35.290001,35.610001,33.664368,93278400
2017-04-21,35.610001,35.669998,35.462502,35.567501,33.624199,69283600
2017-04-24,35.875000,35.987499,35.794998,35.910000,33.947990,68537200
2017-04-25,35.977501,36.224998,35.967499,36.132500,34.158329,75486000
2017-04-26,36.117500,36.150002,35.845001,35.919998,33.957424,80164800
2017-04-27,35.980000,36.040001,35.827499,35.947498,33.983433,56985200
2017-04-28,36.022499,36.075001,35.817501,35.912498,33.950340,83441600
2017-05-01,36.275002,36.799999,36.240002,36.645000,34.642818,134411600
2017-05-02,36.884998,37.022499,36.709999,36.877499,34.862621,181408800
2017-05-03,36.397499,36.872501,36.067501,36.764999,34.756264,182788000
2017-05-04,36.630001,36.785000,36.452499,36.632500,34.631001,93487600
2017-05-05,36.689999,37.244999,36.689999,37.240002,35.205311,109310800
2017-05-08,37.257500,38.424999,37.257500,38.252499,36.162491,195009600
2017-05-09,38.467499,38.720001,38.362499,38.497501,36.394104,156521600
2017-05-10,38.407501,38.485001,38.027500,38.314999,36.221569,103222800
2017-05-11,38.112499,38.517502,38.077499,38.487499,36.534828,109020400
2017-05-12,38.674999,39.105000,38.667500,39.025002,37.045063,130108000
2017-05-15,39.002499,39.162498,38.762501,38.924999,36.950138,104038800
2017-05-16,38.985001,39.014999,38.680000,38.867500,36.895554,80194000
2017-05-17,38.400002,38.642502,37.427502,37.562500,35.656757,203070800
2017-05-18,37.817501,38.334999,37.782501,38.134998,36.200207,134272800
2017-05-19,38.345001,38.494999,38.157501,38.264999,36.323627,107843200
2017-05-22,38.500000,38.645000,38.227501,38.497501,36.544327,91865600
2017-05-23,38.724998,38.724998,38.327499,38.450001,36.499229,79675600
2017-05-24,38.459999,38.542500,38.167500,38.334999,36.390072,76712000
2017-05-25,38.432499,38.587502,38.257500,38.467499,36.515842,76942400
2017-05-26,38.500000,38.560001,38.327499,38.402500,36.454144,87710400
2017-05-30,38.355000,38.607498,38.332500,38.417500,36.468384,80507600
2017-05-31,38.492500,38.542500,38.095001,38.189999,36.252422,97804800
2017-06-01,38.292500,38.332500,38.055000,38.294998,36.352097,65616400
2017-06-02,38.395000,38.862499,38.222500,38.862499,36.890808,111082800
2017-06-05,38.584999,38.612499,38.365002,38.482498,36.530075,101326800
2017-06-06,38.474998,38.952499,38.445000,38.612499,36.653481,106499600
2017-06-07,38.755001,38.994999,38.619999,38.842499,36.871822,84278400
2017-06-08,38.812500,38.884998,38.599998,38.747501,36.781643,85003200
2017-06-09,38.797501,38.797501,36.505001,37.244999,35.355362,259530800
2017-06-12,36.435001,36.522499,35.627499,36.355000,34.510513,289229200
2017-06-13,36.790001,36.862499,36.287498,36.647499,34.788185,136661600
2017-06-14,36.875000,36.875000,35.959999,36.290001,34.448826,126124800
2017-06-15,35.830002,36.119999,35.552502,36.072498,34.242359,128661600
2017-06-16,35.945000,36.125000,35.549999,35.567501,33.762985,201444400
2017-06-19,35.915001,36.685001,35.915001,36.584999,34.728855,130165600
2017-06-20,36.717499,36.717499,36.235001,36.252499,34.413223,99600400
2017-06-21,36.380001,36.517502,36.152500,36.467499,34.617321,85063200
2017-06-22,36.442501,36.674999,36.279999,36.407501,34.560360,76425200
2017-06-23,36.282501,36.790001,36.277500,36.570000,34.714615,141757600
2017-06-26,36.792500,37.070000,36.345001,36.455002,34.605457,102769600
2017-06-27,36.252499,36.540001,35.904999,35.932499,34.109459,99047600
2017-06-28,36.122501,36.527500,35.790001,36.457500,34.607819,88329600
2017-06-29,36.177502,36.282501,35.570000,35.919998,34.097591,125997600
2017-06-30,36.112499,36.240002,35.945000,36.005001,34.178288,92096400
2017-07-03,36.220001,36.325001,35.775002,35.875000,34.054874,57111200
2017-07-05,35.922501,36.197498,35.680000,36.022499,34.194897,86278400
2017-07-06,35.755001,35.875000,35.602501,35.682499,33.872147,96515200
2017-07-07,35.724998,36.187500,35.724998,36.044998,34.216255,76806800
2017-07-10,36.027500,36.487499,35.842499,36.264999,34.425098,84362400
2017-07-11,36.182499,36.462502,36.095001,36.382500,34.536629,79127200
2017-07-12,36.467499,36.544998,36.205002,36.435001,34.586475,99538000
2017-07-13,36.375000,37.122501,36.360001,36.942501,35.068214,100797600
2017-07-14,36.992500,37.332500,36.832500,37.259998,35.369610,80528400
2017-07-17,37.205002,37.724998,37.142502,37.389999,35.493008,95174000
2017-07-18,37.299999,37.532501,37.167500,37.520000,35.616417,71475200
2017-07-19,37.619999,37.855000,37.487499,37.755001,35.839497,83692000
2017-07-20,37.875000,37.935001,37.547501,37.584999,35.678127,68974800
2017-07-21,37.497501,37.610001,37.220001,37.567501,35.661503,105010400
2017-07-24,37.645000,38.110001,37.474998,38.022499,36.093426,85972800
2017-07-25,37.950001,38.459999,37.950001,38.185001,36.247677,75415600
2017-07-26,38.337502,38.482498,38.264999,38.365002,36.418552,63124000
2017-07-27,38.437500,38.497501,36.825001,37.639999,35.730335,129905200
2017-07-28,37.472500,37.557499,37.297501,37.375000,35.478767,68854800
2017-07-31,37.474998,37.582500,37.032501,37.182499,35.296043,79383600
2017-08-01,37.275002,37.555000,37.102501,37.512501,35.609299,141474400
2017-08-02,39.820000,39.937500,39.040001,39.285000,37.291874,279747200
2017-08-03,39.262501,39.302502,38.755001,38.892502,36.919292,108389200
2017-08-04,39.017502,39.349998,38.922501,39.097500,37.113880,82239600
2017-08-07,39.264999,39.730000,39.167500,39.702499,37.688183,87481200
2017-08-08,39.650002,40.457500,39.567501,40.020000,37.989586,144823600
2017-08-09,39.814999,40.317501,39.777500,40.264999,38.222153,104526000
2017-08-10,39.974998,40.000000,38.657501,38.830002,37.004704,163217200
2017-08-11,39.150002,39.642502,39.017502,39.369999,37.519318,105028400
2017-08-14,39.830002,40.052502,39.687500,39.962502,38.083973,88490800
2017-08-15,40.165001,40.549999,40.035000,40.400002,38.500900,117862000
2017-08-16,40.485001,40.627499,40.037498,40.237499,38.346039,110686400
2017-08-17,40.130001,40.177502,39.459999,39.465000,37.609852,111762400
2017-08-18,39.465000,39.875000,39.180000,39.375000,37.524086,109712400
2017-08-21,39.375000,39.472500,38.777500,39.302502,37.454994,105474000
2017-08-22,39.557499,40.000000,39.505001,39.945000,38.067295,86418400
2017-08-23,39.767502,40.117500,39.720001,39.994999,38.114937,77596400
2017-08-24,40.107498,40.185001,39.637501,39.817501,37.945789,79275600
2017-08-25,39.912498,40.139999,39.817501,39.965000,38.086357,101920400
2017-08-28,40.035000,40.500000,39.982498,40.367500,38.469933,103864000
2017-08-29,40.025002,40.779999,40.000000,40.727501,38.813011,118067600
2017-08-30,40.950001,40.972500,40.652500,40.837502,38.917839,109078400
2017-08-31,40.910000,41.130001,40.869999,41.000000,39.072685,107140400
2017-09-01,41.200001,41.235001,40.907501,41.012501,39.084610,66364400
2017-09-05,40.937500,41.062500,40.139999,40.520000,38.615261,117874000
2017-09-06,40.677502,40.747501,40.130001,40.477501,38.574764,86606800
2017-09-07,40.522499,40.560001,40.090000,40.314999,38.419899,87714000
2017-09-08,40.215000,40.287498,39.632500,39.657501,37.793301,114446000
2017-09-11,40.125000,40.512501,39.972500,40.375000,38.477081,126323200
2017-09-12,40.652500,40.990002,39.692501,40.215000,38.324604,286856000
2017-09-13,39.967499,39.990002,39.477501,39.912498,38.036316,179629600
2017-09-14,39.747501,39.849998,39.522499,39.570000,37.709915,95042800
2017-09-15,39.617500,40.242500,39.500000,39.970001,38.091118,196458400
2017-09-18,40.027500,40.125000,39.500000,39.667500,37.802837,113077600
2017-09-19,39.877499,39.942501,39.610001,39.682499,37.817127,83242400
2017-09-20,39.474998,39.564999,38.457500,39.017502,37.183399,211805600
2017-09-21,38.950001,38.950001,38.187500,38.347500,36.544876,150046800
2017-09-22,37.884998,38.067501,37.639999,37.972500,36.187515,186581600
2017-09-25,37.497501,37.957500,37.290001,37.637501,35.868263,177549200
2017-09-26,37.945000,38.480000,37.922501,38.285000,36.485317,146640000
2017-09-27,38.450001,38.680000,38.384998,38.557499,36.745010,102016800
2017-09-28,38.472500,38.570000,38.174999,38.320000,36.518684,88022000
2017-09-29,38.302502,38.532501,38.000000,38.529999,36.718807,105199200
2017-10-02,38.564999,38.612499,38.180000,38.452499,36.644955,74795200
2017-10-03,38.502499,38.772499,38.477501,38.619999,36.804581,64921200
2017-10-04,38.407501,38.465000,38.115002,38.369999,36.566330,80655200
2017-10-05,38.544998,38.860001,38.512501,38.847500,37.021378,85135200
2017-10-06,38.742500,38.872501,38.639999,38.825001,36.999935,69630400
2017-10-09,38.952499,39.182499,38.872501,38.959999,37.128593,65051600
2017-10-10,39.014999,39.500000,38.775002,38.974998,37.142879,62468000
2017-10-11,38.992500,39.244999,38.937500,39.137501,37.297752,67622400
2017-10-12,39.087502,39.342499,38.932499,39.000000,37.166721,64500400
2017-10-13,39.182499,39.320000,39.102501,39.247501,37.402576,65576800
2017-10-16,39.474998,40.000000,39.412498,39.970001,38.091118,96486000
2017-10-17,39.945000,40.217499,39.807499,40.117500,38.231682,75989200
2017-10-18,40.105000,40.177502,39.900002,39.939999,38.062523,65496800
2017-10-19,39.187500,39.270000,38.755001,38.994999,37.161953,170336800
2017-10-20,39.152500,39.437500,38.990002,39.062500,37.226280,95896400
2017-10-23,39.222500,39.422501,38.875000,39.042500,37.207214,87937200
2017-10-24,39.072498,39.355000,39.049999,39.275002,37.428787,71028800
2017-10-25,39.227501,39.387501,38.817501,39.102501,37.264400,84828400
2017-10-26,39.307499,39.457500,39.195000,39.352501,37.502640,68002000
2017-10-27,39.822498,40.900002,39.674999,40.762501,38.846359,177816800
2017-10-30,40.972500,42.017502,40.930000,41.680000,39.720737,178803200
2017-10-31,41.974998,42.412498,41.735001,42.259998,40.273464,144187200
2017-11-01,42.467499,42.485001,41.402500,41.722500,39.761234,134551200
2017-11-02,41.650002,42.125000,41.320000,42.027500,40.051903,165573600
2017-11-03,43.500000,43.564999,42.779999,43.125000,41.097813,237594400
2017-11-06,43.092499,43.747501,42.930000,43.562500,41.514744,140105200
2017-11-07,43.477501,43.812500,43.400002,43.702499,41.648155,97446000
2017-11-08,43.665001,44.060001,43.582500,44.060001,41.988861,97638000
2017-11-09,43.777500,44.025002,43.285000,43.970001,41.903088,117930400
2017-11-10,43.777500,43.845001,43.567501,43.667500,41.764408,100582000
2017-11-13,43.375000,43.625000,43.349998,43.492500,41.597031,67928400
2017-11-14,43.259998,43.369999,42.794998,42.834999,40.968178,99130000
2017-11-15,42.492500,42.580002,42.095001,42.270000,40.427814,116632400
2017-11-16,42.794998,42.967499,42.575001,42.775002,40.910801,94550000
2017-11-17,42.759998,42.847500,42.410000,42.537498,40.683651,87598000
2017-11-20,42.572498,42.639999,42.389999,42.494999,40.643002,65049600
2017-11-21,42.695000,43.424999,42.695000,43.285000,41.398579,100525200
2017-11-22,43.340000,43.750000,43.262501,43.740002,41.833752,102355600
2017-11-24,43.775002,43.875000,43.662498,43.742500,41.836136,56106800
2017-11-27,43.762501,43.770000,43.334999,43.522499,41.625729,82867200
2017-11-28,43.575001,43.717499,42.965000,43.267502,41.381847,105715200
2017-11-29,43.157501,43.230000,41.790001,42.369999,40.523449,166665600
2017-11-30,42.607498,43.035000,42.110001,42.962502,41.090134,166108800
2017-12-01,42.487499,42.917500,42.125000,42.762501,40.898849,159037200
2017-12-04,43.119999,43.154999,42.407501,42.450001,40.599972,130169600
2017-12-05,42.264999,42.880001,42.099998,42.410000,40.561710,109400800
2017-12-06,41.875000,42.549999,41.615002,42.252499,40.411072,114240000
2017-12-07,42.257500,42.610001,42.227501,42.330002,40.485203,102693200
2017-12-08,42.622501,42.750000,42.205002,42.342499,40.497143,93420800
2017-12-11,42.299999,43.222500,42.197498,43.167500,41.286190,141095200
2017-12-12,43.037498,43.097500,42.865002,42.924999,41.054256,77636800
2017-12-13,43.125000,43.384998,43.000000,43.067501,41.190556,95273600
2017-12-14,43.099998,43.282501,42.912498,43.055000,41.178600,81906000
2017-12-15,43.407501,43.542500,43.115002,43.492500,41.597031,160677200
2017-12-18,43.720001,44.299999,43.715000,44.105000,42.182835,117684400
2017-12-19,43.757500,43.847500,43.522499,43.634998,41.733322,109745600
2017-12-20,43.717499,43.855000,43.312500,43.587502,41.687897,93902400
2017-12-21,43.542500,44.005001,43.525002,43.752499,41.845699,83799600
2017-12-22,43.669998,43.855000,43.625000,43.752499,41.845699,65397600
2017-12-26,42.700001,42.867500,42.419998,42.642502,40.784073,132742000
2017-12-27,42.525002,42.695000,42.427502,42.650002,40.791256,85992800
2017-12-28,42.750000,42.962502,42.619999,42.770000,40.906025,65920800
2017-12-29,42.630001,42.647499,42.305000,42.307499,40.463676,103999600
2018-01-02,42.540001,43.075001,42.314999,43.064999,41.188168,102223600
2018-01-03,43.132500,43.637501,42.990002,43.057499,41.180988,118071600
2018-01-04,43.134998,43.367500,43.020000,43.257500,41.372265,89738400
2018-01-05,43.360001,43.842499,43.262501,43.750000,41.843307,94640000
2018-01-08,43.587502,43.902500,43.482498,43.587502,41.687897,82271200
2018-01-09,43.637501,43.764999,43.352501,43.582500,41.683109,86336000
2018-01-10,43.290001,43.575001,43.250000,43.572498,41.673546,95839600
2018-01-11,43.647499,43.872501,43.622501,43.820000,41.910263,74670800
2018-01-12,44.044998,44.340000,43.912498,44.272499,42.343033,101672400
2018-01-16,44.474998,44.847500,44.035000,44.047501,42.127842,118263600
2018-01-17,44.037498,44.812500,43.767502,44.775002,42.823639,137547200
2018-01-18,44.842499,45.025002,44.562500,44.814999,42.861889,124773600
2018-01-19,44.652500,44.895000,44.352501,44.615002,42.670612,129700400
2018-01-22,44.325001,44.445000,44.150002,44.250000,42.321526,108434400
2018-01-23,44.325001,44.860001,44.205002,44.259998,42.331085,130756400
2018-01-24,44.312500,44.325001,43.299999,43.555000,41.656807,204420400
2018-01-25,43.627499,43.737499,42.632500,42.777500,40.913197,166116000
2018-01-26,43.000000,43.000000,42.514999,42.877499,41.008831,156572000
2018-01-29,42.540001,42.540001,41.767502,41.990002,40.160019,202561600
2018-01-30,41.382500,41.842499,41.174999,41.742500,39.923298,184192800
2018-01-31,41.717499,42.110001,41.625000,41.857498,40.033287,129915600
2018-02-01,41.792500,42.154999,41.689999,41.945000,40.116970,188923200
2018-02-02,41.500000,41.700001,40.025002,40.125000,38.376297,346375200
2018-02-05,39.775002,40.970001,39.000000,39.122501,37.417488,290954000
2018-02-06,38.707500,40.930000,38.500000,40.757500,38.981224,272975200
2018-02-07,40.772499,40.849998,39.767502,39.884998,38.146755,206434400
2018-02-08,40.072498,40.250000,38.757500,38.787498,37.097080,217562000
2018-02-09,39.267502,39.472500,37.560001,39.102501,37.550838,282690400
2018-02-12,39.625000,40.972500,39.377499,40.677502,39.063332,243278000
2018-02-13,40.487499,41.187500,40.412498,41.084999,39.454662,130196800
2018-02-14,40.759998,41.884998,40.720001,41.842499,40.182102,162579600
2018-02-15,42.447498,43.272499,42.250000,43.247501,41.531353,204588800
2018-02-16,43.090000,43.705002,42.942501,43.107498,41.396908,160704400
2018-02-20,43.012501,43.564999,42.855000,42.962502,41.257664,135722000
2018-02-21,43.207500,43.529999,42.752499,42.767502,41.070396,149886400
2018-02-22,42.950001,43.487499,42.927502,43.125000,41.413715,123967600
2018-02-23,43.417500,43.912498,43.384998,43.875000,42.133953,135249600
2018-02-26,44.087502,44.847500,44.052502,44.742500,42.967033,152648800
2018-02-27,44.775002,45.119999,44.540001,44.597500,42.827785,155712400
2018-02-28,44.814999,45.154999,44.512501,44.529999,42.762955,151128400
2018-03-01,44.634998,44.945000,43.165001,43.750000,42.013912,195208000
2018-03-02,43.200001,44.075001,43.112499,44.052502,42.304409,153816000
2018-03-05,43.802502,44.435001,43.630001,44.205002,42.450863,113605600
2018-03-06,44.477501,44.562500,44.032501,44.167500,42.414845,95154000
2018-03-07,43.735001,43.962502,43.567501,43.757500,42.021111,126814000
2018-03-08,43.869999,44.279999,43.767502,44.235001,42.479664,95096400
2018-03-09,44.490002,45.000000,44.347500,44.994999,43.209515,128740800
2018-03-12,45.072498,45.597500,45.052502,45.430000,43.627243,128828400
2018-03-13,45.647499,45.875000,44.810001,44.992500,43.207104,126774000
2018-03-14,45.080002,45.130001,44.452499,44.610001,42.839783,117473600
2018-03-15,44.625000,45.060001,44.517502,44.662498,42.890202,90975200
2018-03-16,44.662498,44.779999,44.404999,44.505001,42.738953,157618800
2018-03-19,44.330002,44.367500,43.415001,43.825001,42.085949,133787200
2018-03-20,43.810001,44.200001,43.735001,43.810001,42.071533,78597600
2018-03-21,43.759998,43.772499,42.814999,42.817501,41.118416,148219600
2018-03-22,42.500000,43.169998,42.150002,42.212502,40.537418,165963200
2018-03-23,42.097500,42.480000,41.235001,41.235001,39.598705,164115200
2018-03-26,42.017502,43.275002,41.610001,43.192501,41.478539,150164800
2018-03-27,43.419998,43.787498,41.730000,42.084999,40.414974,163690400
2018-03-28,41.812500,42.505001,41.297501,41.619999,39.968426,166674000
2018-03-29,41.952499,42.937500,41.724998,41.945000,40.280540,153594000
2018-04-02,41.660000,42.235001,41.117500,41.669998,40.016449,150347200
2018-04-03,41.910000,42.187500,41.220001,42.097500,40.426994,121112000
2018-04-04,41.220001,43.002499,41.192501,42.902500,41.200039,138422000
2018-04-05,43.145000,43.557499,43.020000,43.200001,41.485733,107732800
2018-04-06,42.742500,43.119999,42.049999,42.095001,40.424583,140021200
2018-04-09,42.470001,43.272499,42.462502,42.512501,40.825520,116070800
2018-04-10,43.250000,43.500000,42.882500,43.312500,41.593777,113634400
2018-04-11,43.057499,43.480000,42.924999,43.110001,41.399311,89726400
2018-04-12,43.352501,43.750000,43.259998,43.535000,41.807442,91557200
2018-04-13,43.695000,43.959999,43.462502,43.682499,41.949089,100497200
2018-04-16,43.757500,44.047501,43.707500,43.955002,42.210777,86313600
2018-04-17,44.122501,44.735001,44.102501,44.560001,42.791767,106421600
2018-04-18,44.452499,44.705002,44.220001,44.459999,42.695732,83018000
2018-04-19,43.439999,43.847500,43.165001,43.200001,41.485733,139235200
2018-04-20,42.650002,42.805000,41.357498,41.430000,39.785976,261964400
2018-04-23,41.707500,41.730000,41.022499,41.310001,39.670734,146062000
2018-04-24,41.417500,41.582500,40.305000,40.735001,39.118557,134768000
2018-04-25,40.654999,41.355000,40.602501,40.912498,39.289005,113528400
2018-04-26,41.029999,41.432499,40.842499,41.055000,39.425854,111852000
2018-04-27,41.000000,41.082500,40.157501,40.580002,38.969700,142623200
2018-04-30,40.532501,41.814999,40.459999,41.314999,39.675537,169709600
2018-05-01,41.602501,42.299999,41.317501,42.275002,40.597443,214277600
2018-05-02,43.807499,44.437500,43.450001,44.142502,42.390842,266157600
2018-05-03,43.970001,44.375000,43.610001,44.222500,42.467659,136272800
2018-05-04,44.562500,46.062500,44.542500,45.957500,44.133812,224805200
2018-05-07,46.294998,46.917500,46.187500,46.290001,44.453125,169805600
2018-05-08,46.247501,46.555000,45.917500,46.512501,44.666794,113611200
2018-05-09,46.637501,46.849998,46.305000,46.840000,44.981300,92844800
2018-05-10,46.935001,47.592499,46.912498,47.509998,45.624706,111957200
2018-05-11,47.372501,47.514999,46.862499,47.147499,45.451180,104848800
2018-05-14,47.252499,47.382500,46.965000,47.037498,45.345135,83115200
2018-05-15,46.695000,46.767502,46.275002,46.610001,44.933025,94780800
2018-05-16,46.517502,47.115002,46.500000,47.044998,45.352375,76732400
2018-05-17,47.000000,47.227501,46.590000,46.747501,45.065582,69176000
2018-05-18,46.797501,46.952499,46.532501,46.577499,44.901695,73190800
2018-05-21,47.000000,47.317501,46.727501,46.907501,45.219822,73603200
2018-05-22,47.095001,47.220001,46.695000,46.790001,45.106548,60962800
2018-05-23,46.587502,47.125000,46.439999,47.090000,45.395760,80233600
2018-05-24,47.192501,47.209999,46.552502,47.037498,45.345135,92936000
2018-05-25,47.057499,47.412498,46.912498,47.145000,45.448776,69844000
2018-05-29,46.900002,47.187500,46.717499,46.974998,45.284889,90056400
2018-05-30,46.930000,47.000000,46.695000,46.875000,45.188492,74762000
2018-05-31,46.805000,47.057499,46.535000,46.717499,45.036648,109931200
2018-06-01,46.997501,47.564999,46.937500,47.560001,45.848839,93770000
2018-06-04,47.910000,48.355000,47.837502,47.957500,46.232040,105064800
2018-06-05,48.267502,48.485001,48.090000,48.327499,46.588730,86264000
2018-06-06,48.407501,48.520000,47.980000,48.494999,46.750206,83734400
2018-06-07,48.535000,48.549999,48.084999,48.365002,46.624882,85388800
2018-06-08,47.792500,48.000000,47.442501,47.924999,46.200710,106627200
2018-06-11,47.837502,47.992500,47.552502,47.807499,46.087433,73234000
2018-06-12,47.847500,48.152500,47.787498,48.070000,46.340492,67644400
2018-06-13,48.105000,48.220001,47.610001,47.674999,45.959705,86553600
2018-06-14,47.887501,47.892502,47.555000,47.700001,45.983807,86440400
2018-06-15,47.507500,47.540001,47.064999,47.209999,45.511433,246876800
2018-06-18,46.970001,47.305000,46.799999,47.185001,45.487331,73939600
2018-06-19,46.285000,46.582500,45.862499,46.422501,44.752262,134314000
2018-06-20,46.587502,46.799999,46.432499,46.625000,44.947479,82514800
2018-06-21,46.812500,47.087502,46.235001,46.365002,44.696835,102847600
2018-06-22,46.529999,46.537498,46.174999,46.230000,44.566696,108801600
2018-06-25,45.849998,46.230000,45.182499,45.542500,43.903923,126652400
2018-06-26,45.747501,46.632500,45.634998,46.107498,44.448593,98276800
2018-06-27,46.307499,46.820000,46.007500,46.040001,44.383530,101141200
2018-06-28,46.025002,46.552502,45.950001,46.375000,44.706470,69460800
2018-06-29,46.572498,46.797501,45.727501,46.277500,44.612480,90950800
2018-07-02,45.955002,46.825001,45.855000,46.794998,45.111359,70925200
2018-07-03,46.947498,46.987499,45.884998,45.980000,44.325691,55819200
2018-07-05,46.314999,46.602501,46.070000,46.349998,44.682373,66416800
2018-07-06,46.355000,47.107498,46.299999,46.992500,45.301758,69940800
2018-07-09,47.375000,47.669998,47.325001,47.645000,45.930790,79026400
2018-07-10,47.677502,47.820000,47.544998,47.587502,45.875355,63756400
2018-07-11,47.125000,47.445000,46.902500,46.970001,45.280064,75326000
2018-07-12,47.382500,47.852501,47.327499,47.757500,46.039230,72164400
2018-07-13,47.770000,47.959999,47.724998,47.832500,46.111538,50055600
2018-07-16,47.880001,48.162498,47.605000,47.727501,46.010311,60172400
2018-07-17,47.437500,47.967499,47.299999,47.862499,46.140457,62138000
2018-07-18,47.945000,47.950001,47.482498,47.599998,45.887394,65573600
2018-07-19,47.422501,48.137501,47.422501,47.970001,46.244091,81147200
2018-07-20,47.945000,48.107498,47.542500,47.860001,46.138054,82704800
2018-07-23,47.669998,47.990002,47.389999,47.902500,46.179024,63957600
2018-07-24,48.112499,48.415001,48.012501,48.250000,46.514008,74791600
2018-07-25,48.264999,48.712502,48.107498,48.705002,46.952648,66839600
2018-07-26,48.652500,48.990002,48.402500,48.552502,46.805630,76304000
2018-07-27,48.747501,48.797501,47.525002,47.744999,46.027180,96096000
2018-07-30,47.974998,48.049999,47.267502,47.477501,45.769306,84118000
2018-07-31,47.575001,48.035000,47.334999,47.572498,45.860889,157492000
2018-08-01,49.782501,50.439999,49.327499,50.375000,48.562557,271742800
2018-08-02,50.145000,52.095001,50.087502,51.847500,49.982079,249616000
2018-08-03,51.757500,52.185001,51.369999,51.997501,50.126690,133789600
2018-08-06,52.000000,52.312500,51.767502,52.267502,50.386974,101701600
2018-08-07,52.330002,52.375000,51.689999,51.777500,49.914597,102349600
2018-08-08,51.512501,51.952499,51.130001,51.812500,49.948330,90102000
2018-08-09,52.382500,52.445000,51.799999,52.220001,50.341179,93970400
2018-08-10,51.840000,52.275002,51.667500,51.882500,50.191231,98444800
2018-08-13,52.327499,52.737499,51.924999,52.217499,50.515308,103563600
2018-08-14,52.540001,52.639999,52.064999,52.437500,50.728138,82992000
2018-08-15,52.305000,52.685001,52.082500,52.560001,50.846645,115230400
2018-08-16,52.937500,53.452499,52.867500,53.330002,51.591549,114001600
2018-08-17,53.360001,54.487499,53.290001,54.395000,52.621838,141708000
2018-08-20,54.525002,54.794998,53.777500,53.865002,52.109108,121150800
2018-08-21,54.200001,54.297501,53.507500,53.759998,52.007530,104639200
2018-08-22,53.525002,54.090000,53.459999,53.762501,52.009953,76072400
2018-08-23,53.662498,54.262501,53.650002,53.872501,52.116367,75532800
2018-08-24,54.150002,54.224998,53.777500,54.040001,52.278404,73905600
2018-08-27,54.287498,54.685001,54.082500,54.485001,52.708904,82100400
2018-08-28,54.752499,55.134998,54.730000,54.924999,53.134552,91107200
2018-08-29,55.037498,55.872501,54.852501,55.744999,53.927826,109019200
2018-08-30,55.812500,57.064999,55.599998,56.257500,54.423622,195175200
2018-08-31,56.627499,57.217499,56.500000,56.907501,55.052433,173360400
2018-09-04,57.102501,57.294998,56.657501,57.090000,55.228977,109560400
2018-09-05,57.247501,57.417500,56.275002,56.717499,54.868622,133332000
2018-09-06,56.557499,56.837502,55.325001,55.775002,53.956852,137160000
2018-09-07,55.462502,56.342499,55.177502,55.325001,53.521515,150479200
2018-09-10,55.237499,55.462502,54.117500,54.582500,52.803223,158066000
2018-09-11,54.502499,56.075001,54.139999,55.962502,54.138237,142996000
2018-09-12,56.235001,56.250000,54.959999,55.267502,53.465889,197114800
2018-09-13,55.880001,57.087502,55.642502,56.602501,54.757374,166825600
2018-09-14,56.437500,56.709999,55.630001,55.959999,54.135818,127997200
2018-09-17,55.537498,55.737499,54.317501,54.470001,52.694386,148780400
2018-09-18,54.447498,55.462502,54.279999,54.560001,52.781456,126286800
2018-09-19,54.625000,54.904999,53.825001,54.592499,52.812889,108495200
2018-09-20,55.060001,55.570000,54.787498,55.007500,53.214363,106435200
2018-09-21,55.195000,55.340000,54.322498,54.415001,52.641178,384986800
2018-09-24,54.205002,55.314999,54.157501,55.197498,53.398167,110773600
2018-09-25,54.937500,55.705002,54.924999,55.547501,53.736763,98217600
2018-09-26,55.250000,55.937500,54.939999,55.105000,53.308689,95938800
2018-09-27,55.955002,56.610001,55.884998,56.237499,54.404263,120724800
2018-09-28,56.197498,56.459999,56.005001,56.435001,54.595329,91717600
2018-10-01,56.987499,57.355000,56.587502,56.814999,54.962944,94403200
2018-10-02,56.812500,57.500000,56.657501,57.320000,55.451477,99152800
2018-10-03,57.512501,58.367500,57.445000,58.017502,56.126247,114619200
2018-10-04,57.695000,58.087502,56.682499,56.997501,55.139496,128168000
2018-10-05,56.990002,57.102501,55.145000,56.072498,54.244644,134322000
2018-10-08,55.552502,56.200001,55.049999,55.942501,54.118889,118655600
2018-10-09,55.910000,56.817501,55.562500,56.717499,54.868622,107564000
2018-10-10,56.365002,56.587502,54.012501,54.090000,52.326775,167962400
2018-10-11,53.630001,54.875000,53.080002,53.612499,51.864838,212497600
2018-10-12,55.105000,55.720001,54.209999,55.527500,53.717415,161351600
2018-10-15,55.290001,55.457500,54.317501,54.340000,52.568630,123164000
2018-10-16,54.732498,55.747501,54.189999,55.537498,53.727089,116736000
2018-10-17,55.575001,55.660000,54.834999,55.297501,53.494911,91541600
2018-10-18,54.465000,54.935001,53.250000,54.005001,52.244545,130325200
2018-10-19,54.514999,55.314999,54.357498,54.827499,53.040234,132314800
2018-10-22,54.947498,55.840000,54.735001,55.162498,53.364307,115168400
2018-10-23,53.957500,55.812500,53.674999,55.682499,53.867359,155071200
2018-10-24,55.650002,56.057499,53.634998,53.772499,52.019623,163702000
2018-10-25,54.427502,55.345001,54.187500,54.950001,53.158737,119423200
2018-10-26,53.974998,55.047501,53.167500,54.075001,52.312267,189033600
2018-10-29,54.797501,54.922501,51.522499,53.060001,51.330353,183742000
2018-10-30,52.787498,53.794998,52.317501,53.325001,51.586716,146640000
2018-10-31,54.220001,55.112499,54.154999,54.715000,52.931400,153435600
2018-11-01,54.762501,55.590000,54.202499,55.555000,53.744015,233292800
2018-11-02,52.387501,53.412498,51.357498,51.869999,50.179142,365314800
2018-11-05,51.075001,51.097500,49.542500,50.397499,48.754642,264654800
2018-11-06,50.480000,51.180000,50.422501,50.942501,49.281872,127531600
2018-11-07,51.492500,52.514999,51.032501,52.487499,50.776512,133697600
2018-11-08,52.494999,52.529999,51.687500,52.122501,50.599350,101450400
2018-11-09,51.387501,51.502499,50.562500,51.117500,49.623711,137463200
2018-11-12,49.750000,49.962502,48.447498,48.542500,47.123962,204542000
2018-11-13,47.907501,49.294998,47.862499,48.057499,46.653137,187531600
2018-11-14,48.474998,48.619999,46.482498,46.700001,45.335308,243204000
2018-11-15,47.097500,47.992500,46.724998,47.852501,46.454124,185915200
2018-11-16,47.625000,48.742500,47.365002,48.382500,46.968643,147713200
2018-11-19,47.500000,47.674999,46.247501,46.465000,45.107174,167701200
2018-11-20,44.592499,45.367500,43.877499,44.244999,42.952045,271300800
2018-11-21,44.932499,45.067501,44.137501,44.195000,42.903511,124496800
2018-11-23,43.735001,44.150002,43.025002,43.072498,41.813812,94496000
2018-11-26,43.560001,43.737499,42.564999,43.654999,42.379284,179994000
2018-11-27,42.877499,43.692501,42.720001,43.560001,42.287071,165549600
2018-11-28,44.182499,45.322498,43.732498,45.235001,43.913116,184250000
2018-11-29,45.665001,45.700001,44.424999,44.887501,43.575771,167080000
2018-11-30,45.072498,45.082500,44.257500,44.645000,43.340355,158126000
2018-12-03,46.115002,46.235001,45.302502,46.205002,44.854767,163210000
2018-12-04,45.237499,45.597500,44.067501,44.172501,42.881668,165377200
2018-12-06,42.939999,43.695000,42.605000,43.680000,42.403561,172393600
2018-12-07,43.372501,43.622501,42.075001,42.122501,40.891575,169126400
2018-12-10,41.250000,42.522499,40.832500,42.400002,41.160965,248104000
2018-12-11,42.915001,42.947498,41.750000,42.157501,40.925552,189126800
2018-12-12,42.599998,42.980000,42.255001,42.275002,41.039619,142510800
2018-12-13,42.622501,43.142502,42.387501,42.737499,41.488594,127594400
2018-12-14,42.250000,42.270000,41.320000,41.369999,40.161057,162814800
2018-12-17,41.362499,42.087502,40.682499,40.985001,39.787312,177151600
2018-12-18,41.345001,41.882500,41.097500,41.517502,40.304256,135366000
2018-12-19,41.500000,41.862499,39.772499,40.222500,39.047092,196189200
2018-12-20,40.099998,40.527500,38.825001,39.207500,38.061749,259092000
2018-12-21,39.215000,39.540001,37.407501,37.682499,36.581322,382978400
2018-12-24,37.037498,37.887501,36.647499,36.707500,35.634811,148676800
2018-12-26,37.075001,39.307499,36.680000,39.292500,38.144272,234330000
2018-12-27,38.959999,39.192501,37.517502,39.037498,37.896721,212468400
2018-12-28,39.375000,39.630001,38.637501,39.057499,37.916142,169165600
2018-12-31,39.632500,39.840000,39.119999,39.435001,38.282619,140014000
2019-01-02,38.722500,39.712502,38.557499,39.480000,38.326298,148158800
2019-01-03,35.994999,36.430000,35.500000,35.547501,34.508709,365248800
2019-01-04,36.132500,37.137501,35.950001,37.064999,35.981861,234428400
2019-01-07,37.174999,37.207500,36.474998,36.982498,35.901775,219111200
2019-01-08,37.389999,37.955002,37.130001,37.687500,36.586170,164101200
2019-01-09,37.822498,38.632500,37.407501,38.327499,37.207470,180396400
2019-01-10,38.125000,38.492500,37.715000,38.450001,37.326385,143122800
2019-01-11,38.220001,38.424999,37.877499,38.072498,36.959919,108092800
2019-01-14,37.712502,37.817501,37.305000,37.500000,36.404156,129756800
2019-01-15,37.567501,38.347500,37.512501,38.267502,37.149227,114843600
2019-01-16,38.270000,38.970001,38.250000,38.735001,37.603065,122278800
2019-01-17,38.549999,39.415001,38.314999,38.965000,37.826340,119284800
2019-01-18,39.375000,39.470001,38.994999,39.205002,38.059326,135004000
2019-01-22,39.102501,39.182499,38.154999,38.325001,37.205040,121576000
2019-01-23,38.537498,38.785000,37.924999,38.480000,37.355518,92522400
2019-01-24,38.527500,38.619999,37.935001,38.174999,37.059425,101766000
2019-01-25,38.869999,39.532501,38.580002,39.439999,38.287468,134142000
2019-01-28,38.947498,39.082500,38.415001,39.075001,37.933132,104768400
2019-01-29,39.062500,39.532501,38.527500,38.669998,37.539959,166348800
2019-01-30,40.812500,41.537498,40.057499,41.312500,40.105240,244439200
2019-01-31,41.527500,42.250000,41.139999,41.610001,40.394051,162958400
2019-02-01,41.740002,42.244999,41.482498,41.630001,40.413467,130672400
2019-02-04,41.852501,42.915001,41.820000,42.812500,41.561405,125982000
2019-02-05,43.215000,43.770000,43.087502,43.544998,42.272503,144406400
2019-02-06,43.662498,43.892502,43.212502,43.560001,42.287071,112958400
2019-02-07,43.099998,43.485001,42.584999,42.735001,41.486172,126966800
2019-02-08,42.247501,42.665001,42.105000,42.602501,41.534924,95280000
2019-02-11,42.762501,42.802502,42.312500,42.357498,41.296059,83973600
2019-02-12,42.525002,42.750000,42.424999,42.722500,41.651913,89134000
2019-02-13,42.847500,43.119999,42.480000,42.544998,41.478863,89960800
2019-02-14,42.427502,42.814999,42.345001,42.700001,41.629974,87342800
2019-02-15,42.812500,42.924999,42.437500,42.605000,41.537361,98507200
2019-02-19,42.427502,42.860001,42.372501,42.732498,41.661655,75891200
2019-02-20,42.797501,43.330002,42.747501,43.007500,41.929768,104457600
2019-02-21,42.950001,43.092499,42.575001,42.764999,41.693348,68998800
2019-02-22,42.895000,43.250000,42.845001,43.242500,42.158882,75652800
2019-02-25,43.540001,43.967499,43.487499,43.557499,42.465996,87493600
2019-02-26,43.427502,43.825001,43.292500,43.582500,42.490360,68280800
2019-02-27,43.302502,43.750000,43.182499,43.717499,42.621979,111341600
2019-02-28,43.580002,43.727501,43.230000,43.287498,42.202755,112861600
2019-03-01,43.570000,43.787498,43.222500,43.742500,42.646351,103544800
2019-03-04,43.922501,44.437500,43.492500,43.962502,42.860840,109744800
2019-03-05,43.985001,44.000000,43.634998,43.882500,42.782841,78949600
2019-03-06,43.667500,43.872501,43.485001,43.630001,42.536667,83241600
2019-03-07,43.467499,43.610001,43.005001,43.125000,42.044331,99185600
2019-03-08,42.580002,43.267502,42.375000,43.227501,42.144253,95997600
2019-03-11,43.872501,44.779999,43.837502,44.724998,43.604229,128044000
2019-03-12,45.000000,45.667500,44.842499,45.227501,44.094139,129870400
2019-03-13,45.562500,45.825001,45.230000,45.427502,44.289127,124130000
2019-03-14,45.974998,46.025002,45.639999,45.932499,44.781479,94318000
2019-03-15,46.212502,46.832500,45.935001,46.529999,45.363998,156171600
2019-03-18,46.450001,47.097500,46.447498,47.005001,45.827099,104879200
2019-03-19,47.087502,47.247501,46.480000,46.632500,45.463932,126585600
2019-03-20,46.557499,47.372501,46.182499,47.040001,45.861221,124140800
2019-03-21,47.505001,49.082500,47.452499,48.772499,47.550301,204136800
2019-03-22,48.834999,49.422501,47.695000,47.762501,46.565617,169630800
2019-03-25,47.877499,47.994999,46.650002,47.185001,46.002586,175381200
2019-03-26,47.915001,48.220001,46.145000,46.697498,45.527298,199202000
2019-03-27,47.187500,47.439999,46.637501,47.117500,45.936779,119393600
2019-03-28,47.237499,47.389999,46.882500,47.180000,45.997715,83121600
2019-03-29,47.457500,47.520000,47.134998,47.487499,46.297512,94256000
2019-04-01,47.910000,47.919998,47.095001,47.810001,46.611923,111448000
2019-04-02,47.772499,48.615002,47.762501,48.505001,47.289509,91062800
2019-04-03,48.312500,49.125000,48.287498,48.837502,47.613686,93087200
2019-04-04,48.697498,49.092499,48.285000,48.922501,47.696545,76457200
2019-04-05,49.112499,49.275002,48.982498,49.250000,48.015842,74106400
2019-04-08,49.105000,50.057499,49.084999,50.025002,48.771416,103526800
2019-04-09,50.080002,50.712502,49.807499,49.875000,48.625179,143072800
2019-04-10,49.669998,50.185001,49.544998,50.154999,48.898163,86781200
2019-04-11,50.212502,50.250000,49.610001,49.737499,48.491119,83603200
2019-04-12,49.799999,50.035000,49.052502,49.717499,48.471619,111042800
2019-04-15,49.645000,49.962502,49.502499,49.807499,48.559364,70146400
2019-04-16,49.865002,50.342499,49.639999,49.812500,48.564251,102785600
2019-04-17,49.884998,50.845001,49.652500,50.782501,49.509941,115627200
2019-04-18,50.779999,51.037498,50.630001,50.965000,49.687866,96783200
2019-04-22,50.707500,51.235001,50.584999,51.132500,49.851170,77758000
2019-04-23,51.107498,51.937500,50.974998,51.869999,50.570179,93292000
2019-04-24,51.840000,52.119999,51.762501,51.790001,50.492191,70162400
2019-04-25,51.707500,51.939999,51.279999,51.320000,50.033962,74172800
2019-04-26,51.224998,51.250000,50.529999,51.075001,49.795105,74596400
2019-04-29,51.099998,51.492500,50.965000,51.152500,49.870663,88818800
2019-04-30,50.764999,50.849998,49.777500,50.167500,48.910347,186139600
2019-05-01,52.470001,53.827499,52.307499,52.630001,51.311134,259309200
2019-05-02,52.459999,53.162498,52.032501,52.287498,50.977219,127985200
2019-05-03,52.722500,52.959999,52.557499,52.937500,51.610939,83569600
2019-05-06,51.072498,52.209999,50.875000,52.119999,50.813915,129772400
2019-05-07,51.470001,51.855000,50.207500,50.715000,49.444126,155054800
2019-05-08,50.474998,51.334999,50.437500,50.724998,49.453876,105358000
2019-05-09,50.099998,50.419998,49.165001,50.180000,48.922539,139634400
2019-05-10,49.355000,49.712502,48.192501,49.294998,48.244789,164834800
2019-05-13,46.927502,47.369999,45.712502,46.430000,45.440826,229722400
2019-05-14,46.602501,47.424999,46.352501,47.165001,46.160168,146118800
2019-05-15,46.567501,47.937500,46.505001,47.730000,46.713120,106178800
2019-05-16,47.477501,48.117500,47.209999,47.520000,46.507607,132125600
2019-05-17,46.732498,47.724998,46.689999,47.250000,46.243355,131516400
2019-05-20,45.880001,46.087502,45.070000,45.772499,44.797337,154449200
2019-05-21,46.305000,47.000000,46.174999,46.650002,45.656139,113459200
2019-05-22,46.165001,46.427502,45.637501,45.695000,44.721481,118994400
2019-05-23,44.950001,45.134998,44.452499,44.915001,43.958107,146118800
2019-05-24,45.049999,45.535000,44.654999,44.742500,43.789280,94858800
2019-05-28,44.730000,45.147499,44.477501,44.557499,43.608215,111792800
2019-05-29,44.105000,44.837502,44.000000,44.345001,43.400246,113924800
2019-05-30,44.487499,44.807499,44.167500,44.575001,43.625351,84873600
2019-05-31,44.057499,44.497501,43.747501,43.767502,42.835056,108174400
2019-06-03,43.900002,44.480000,42.567501,43.325001,42.401970,161584400
2019-06-04,43.860001,44.957500,43.630001,44.910000,43.953213,123872000
2019-06-05,46.070000,46.247501,45.285000,45.634998,44.662758,119093600
2019-06-06,45.770000,46.367500,45.537498,46.305000,45.318489,90105200
2019-06-07,46.627499,47.980000,46.442501,47.537498,46.524734,122737600
2019-06-10,47.952499,48.842499,47.904999,48.145000,47.119286,104883600
2019-06-11,48.715000,49.000000,48.400002,48.702499,47.664906,107731600
2019-06-12,48.487499,48.992500,48.347500,48.547501,47.513214,73012800
2019-06-13,48.674999,49.197498,48.400002,48.537498,47.503429,86698400
2019-06-14,47.887501,48.397499,47.575001,48.185001,47.158440,75046000
2019-06-17,48.224998,48.740002,48.042500,48.472500,47.439812,58676400
2019-06-18,49.012501,50.072498,48.802502,49.612499,48.555523,106204000
2019-06-19,49.919998,49.970001,49.327499,49.467499,48.413609,84496800
2019-06-20,50.092499,50.152500,49.507500,49.865002,48.802647,86056000
2019-06-21,49.700001,50.212502,49.537498,49.695000,48.636269,191202400
2019-06-24,49.634998,50.040001,49.542500,49.645000,48.587330,72881600
2019-06-25,49.607498,49.814999,48.822498,48.892502,47.850864,84281200
2019-06-26,49.442501,50.247501,49.337502,49.950001,48.885834,104270000
2019-06-27,50.072498,50.392502,49.892502,49.935001,48.871159,83598800
2019-06-28,49.669998,49.875000,49.262501,49.480000,48.425846,124442400
2019-07-01,50.792500,51.122501,50.162498,50.387501,49.314011,109012000
2019-07-02,50.352501,50.782501,50.340000,50.682499,49.602726,67740800
2019-07-03,50.820000,51.110001,50.672501,51.102501,50.013775,45448000
2019-07-05,50.837502,51.270000,50.724998,51.057499,49.969738,69062000
2019-07-08,50.202499,50.349998,49.602501,50.005001,48.939663,101354400
2019-07-09,49.799999,50.377499,49.702499,50.310001,49.238163,82312000
2019-07-10,50.462502,50.932499,50.389999,50.807499,49.725063,71588400
2019-07-11,50.827499,51.097500,50.427502,50.437500,49.362949,80767200
2019-07-12,50.612499,51.000000,50.549999,50.825001,49.742199,70380800
2019-07-15,51.022499,51.467499,51.000000,51.302502,50.209526,67789600
2019-07-16,51.147499,51.527500,50.875000,51.125000,50.035801,67467200
2019-07-17,51.012501,51.272499,50.817501,50.837502,49.754425,56430000
2019-07-18,51.000000,51.470001,50.924999,51.415001,50.319630,74162400
2019-07-19,51.447498,51.625000,50.590000,50.647499,49.568478,83717200
2019-07-22,50.912498,51.807499,50.902500,51.805000,50.701317,89111600
2019-07-23,52.115002,52.227501,51.822498,52.209999,51.097683,73420800
2019-07-24,51.917500,52.287498,51.792500,52.167500,51.056095,59966400
2019-07-25,52.222500,52.310001,51.682499,51.755001,50.652382,55638400
2019-07-26,51.869999,52.432499,51.785000,51.935001,50.828545,70475600
2019-07-29,52.115002,52.660000,52.110001,52.419998,51.303204,86693600
2019-07-30,52.189999,52.540001,51.827499,52.195000,51.083004,135742800
2019-07-31,54.105000,55.342499,52.825001,53.259998,52.125317,277125600
2019-08-01,53.474998,54.507500,51.685001,52.107498,50.997372,216071600
2019-08-02,51.382500,51.607498,50.407501,51.005001,49.918362,163448400
2019-08-05,49.497501,49.662498,48.145000,48.334999,47.305237,209572000
2019-08-06,49.077499,49.517502,48.509998,49.250000,48.200745,143299200
2019-08-07,48.852501,49.889999,48.455002,49.759998,48.699875,133457600
2019-08-08,50.049999,50.882500,49.847500,50.857498,49.773998,108038000
2019-08-09,50.325001,50.689999,49.822498,50.247501,49.363842,98478800
2019-08-12,49.904999,50.512501,49.787498,50.119999,49.238583,89927600
2019-08-13,50.255001,53.035000,50.119999,52.242500,51.323753,188874000
2019-08-14,50.790001,51.610001,50.647499,50.687500,49.796104,146189600
2019-08-15,50.865002,51.285000,49.917500,50.435001,49.548050,108909600
2019-08-16,51.070000,51.790001,50.959999,51.625000,50.717113,110481600
2019-08-19,52.654999,53.182499,52.507500,52.587502,51.662689,97654400
2019-08-20,52.720001,53.337502,52.580002,52.590000,51.665146,107537200
2019-08-21,53.247501,53.412498,52.900002,53.160000,52.225121,86141600
2019-08-22,53.297501,53.610001,52.687500,53.115002,52.180908,89014800
2019-08-23,52.357498,53.012501,50.250000,50.660000,49.769089,187272000
2019-08-26,51.465000,51.797501,51.264999,51.622501,50.714664,104174400
2019-08-27,51.965000,52.137501,50.882500,51.040001,50.142406,103493200
2019-08-28,51.025002,51.430000,50.830002,51.382500,50.478882,63755200
2019-08-29,52.125000,52.330002,51.665001,52.252499,51.333576,83962000
2019-08-30,52.540001,52.612499,51.799999,52.185001,51.267269,84573600
2019-09-03,51.607498,51.744999,51.055000,51.424999,50.520634,80092000
2019-09-04,52.097500,52.369999,51.830002,52.297501,51.377792,76752400
2019-09-05,53.000000,53.492500,52.877499,53.320000,52.382317,95654800
2019-09-06,53.512501,53.605000,53.127499,53.314999,52.377396,77449200
2019-09-09,53.709999,54.110001,52.767502,53.542500,52.600895,109237600
2019-09-10,53.465000,54.195000,52.927502,54.174999,53.222271,127111600
2019-09-11,54.517502,55.927502,54.432499,55.897499,54.914482,177158400
2019-09-12,56.200001,56.605000,55.715000,55.772499,54.791679,128906800
2019-09-13,55.000000,55.197498,54.255001,54.687500,53.725765,159053200
2019-09-16,54.432499,55.032501,54.389999,54.974998,54.008205,84632400
2019-09-17,54.990002,55.205002,54.779999,55.174999,54.204685,73274800
2019-09-18,55.264999,55.712502,54.860001,55.692501,54.713085,101360000
2019-09-19,55.502499,55.939999,55.092499,55.240002,54.268551,88242400
2019-09-20,55.345001,55.639999,54.367500,54.432499,53.475246,221652400
2019-09-23,54.737499,54.959999,54.412498,54.680000,53.718388,76662000
2019-09-24,55.257500,55.622501,54.297501,54.419998,53.462959,124763200
2019-09-25,54.637501,55.375000,54.285000,55.257500,54.285736,87613600
2019-09-26,55.000000,55.235001,54.707500,54.972500,54.005745,75334000
2019-09-27,55.134998,55.240002,54.320000,54.705002,53.742954,101408000
2019-09-30,55.224998,56.145000,55.197498,55.992500,55.007813,103909600
2019-10-01,56.267502,57.055000,56.049999,56.147499,55.160084,139223200
2019-10-02,55.764999,55.895000,54.482498,54.740002,53.777336,138449200
2019-10-03,54.607498,55.240002,53.782501,55.205002,54.234154,114426000
2019-10-04,56.410000,56.872501,55.972500,56.752499,55.754444,138478800
2019-10-07,56.567501,57.482498,56.459999,56.764999,55.766720,122306000
2019-10-08,56.455002,57.014999,56.082500,56.099998,55.113419,111820000
2019-10-09,56.757500,56.947498,56.410000,56.757500,55.759365,74770400
2019-10-10,56.982498,57.610001,56.825001,57.522499,56.510899,113013600
2019-10-11,58.237499,59.410000,58.077499,59.052502,58.014000,166795600
2019-10-14,58.724998,59.532501,58.667500,58.967499,57.930489,96427600
2019-10-15,59.097500,59.412498,58.720001,58.830002,57.795410,87360000
2019-10-16,58.342499,58.810001,58.299999,58.592499,57.562084,73903200
2019-10-17,58.772499,59.037498,58.380001,58.820000,57.785583,67585200
2019-10-18,58.647499,59.395000,58.572498,59.102501,58.063122,97433600
2019-10-21,59.380001,60.247501,59.330002,60.127499,59.070091,87247200
2019-10-22,60.290001,60.549999,59.904999,59.990002,58.935009,82293600
2019-10-23,60.525002,60.810001,60.305000,60.794998,59.725853,75828800
2019-10-24,61.127499,61.200001,60.452499,60.895000,59.824093,69275200
2019-10-25,60.790001,61.682499,60.720001,61.645000,60.560905,73477200
2019-10-28,61.855000,62.312500,61.680000,62.262501,61.167545,96572800
2019-10-29,62.242500,62.437500,60.642502,60.822498,59.752865,142839600
2019-10-30,61.189999,61.325001,60.302502,60.814999,59.745506,124522000
2019-10-31,61.810001,62.292500,59.314999,62.189999,61.096313,139162000
2019-11-01,62.384998,63.982498,62.290001,63.955002,62.830280,151125200
2019-11-04,64.332497,64.462502,63.845001,64.375000,63.242897,103272000
2019-11-05,64.262497,64.547501,64.080002,64.282501,63.152023,79897600
2019-11-06,64.192497,64.372498,63.842499,64.309998,63.179031,75864400
2019-11-07,64.684998,65.087502,64.527496,64.857498,63.908203,94940400
2019-11-08,64.672501,65.110001,64.212502,65.035004,64.083115,69986400
2019-11-11,64.574997,65.617500,64.570000,65.550003,64.590569,81821200
2019-11-12,65.387497,65.697502,65.230003,65.489998,64.531448,87388800
2019-11-13,65.282501,66.195000,65.267502,66.117500,65.149765,102734400
2019-11-14,65.937500,66.220001,65.525002,65.660004,64.698959,89182800
2019-11-15,65.919998,66.445000,65.752502,66.440002,65.467545,100206400
2019-11-18,66.449997,66.857498,66.057503,66.775002,65.797653,86703200
2019-11-19,66.974998,67.000000,66.347504,66.572502,65.598106,76167200
2019-11-20,66.385002,66.519997,65.099998,65.797501,64.834442,106234400
2019-11-21,65.922501,66.002502,65.294998,65.502502,64.543762,121395200
2019-11-22,65.647499,65.794998,65.209999,65.445000,64.487106,65325200
2019-11-25,65.677498,66.610001,65.629997,66.592499,65.617813,84020400
2019-11-26,66.735001,66.790001,65.625000,66.072502,65.105423,105207600
2019-11-27,66.394997,66.995003,66.327499,66.959999,65.979935,65235600
2019-11-29,66.650002,67.000000,66.474998,66.812500,65.834587,46617600
2019-12-02,66.817497,67.062500,65.862503,66.040001,65.073402,94487200
2019-12-03,64.577499,64.882500,64.072502,64.862503,63.913139,114430400
2019-12-04,65.267502,65.827499,65.169998,65.434998,64.477249,67181600
2019-12-05,65.947502,66.472504,65.682503,66.394997,65.423195,74424400
2019-12-06,66.870003,67.750000,66.824997,67.677498,66.686935,106075600
2019-12-09,67.500000,67.699997,66.227501,66.730003,65.753288,128042400
2019-12-10,67.150002,67.517502,66.464996,67.120003,66.137589,90420400
2019-12-11,67.202499,67.775002,67.125000,67.692497,66.701714,78756800
2019-12-12,66.945000,68.139999,66.830002,67.864998,66.871681,137310400
2019-12-13,67.864998,68.824997,67.732498,68.787498,67.780685,133587600
2019-12-16,69.250000,70.197502,69.245003,69.964996,68.940933,128186000
2019-12-17,69.892502,70.442497,69.699997,70.102501,69.076431,114158400
2019-12-18,69.949997,70.474998,69.779999,69.934998,68.911385,116028400
2019-12-19,69.875000,70.294998,69.737503,70.004997,68.980347,98369200
2019-12-20,70.557503,70.662498,69.639999,69.860001,68.837494,275978000
2019-12-23,70.132500,71.062500,70.092499,71.000000,69.960800,98572000
2019-12-24,71.172501,71.222504,70.730003,71.067497,70.027290,48478800
2019-12-26,71.205002,72.495003,71.175003,72.477501,71.416687,93121200
2019-12-27,72.779999,73.492500,72.029999,72.449997,71.389565,146266000
2019-12-30,72.364998,73.172501,71.305000,72.879997,71.813271,144114400
2019-12-31,72.482498,73.419998,72.379997,73.412498,72.337990,100805600
2020-01-02,74.059998,75.150002,73.797501,75.087502,73.988472,135480400
2020-01-03,74.287498,75.144997,74.125000,74.357498,73.269150,146322800
2020-01-06,73.447502,74.989998,73.187500,74.949997,73.852974,118387200
2020-01-07,74.959999,75.224998,74.370003,74.597504,73.505646,108872000
2020-01-08,74.290001,76.110001,74.290001,75.797501,74.688072,132079200
2020-01-09,76.809998,77.607498,76.550003,77.407501,76.274529,170108400
2020-01-10,77.650002,78.167503,77.062500,77.582497,76.446945,140644800
2020-01-13,77.910004,79.267502,77.787498,79.239998,78.080193,121532000
2020-01-14,79.175003,79.392502,78.042503,78.169998,77.025864,161954400
2020-01-15,77.962502,78.875000,77.387497,77.834999,76.695747,121923600
2020-01-16,78.397499,78.925003,78.022499,78.809998,77.656479,108829200
2020-01-17,79.067497,79.684998,78.750000,79.682503,78.516220,137816400
2020-01-21,79.297501,79.754997,79.000000,79.142502,77.984123,110843200
2020-01-22,79.644997,79.997498,79.327499,79.425003,78.262489,101832400
2020-01-23,79.480003,79.889999,78.912498,79.807503,78.639389,104472000
2020-01-24,80.062500,80.832497,79.379997,79.577499,78.412766,146537600
2020-01-27,77.514999,77.942497,76.220001,77.237503,76.107002,161940000
2020-01-28,78.150002,79.599998,78.047501,79.422501,78.260017,162234000
2020-01-29,81.112503,81.962502,80.345001,81.084999,79.898186,216229200
2020-01-30,80.135002,81.022499,79.687500,80.967499,79.782417,126743200
2020-01-31,80.232498,80.669998,77.072502,77.377502,76.244949,199588400
2020-02-03,76.074997,78.372498,75.555000,77.165001,76.035561,173788400
2020-02-04,78.827499,79.910004,78.407501,79.712502,78.545784,136616400
2020-02-05,80.879997,81.190002,79.737503,80.362503,79.186264,118826800
2020-02-06,80.642502,81.305000,80.065002,81.302498,80.112503,105425600
2020-02-07,80.592499,80.849998,79.500000,80.007500,79.023560,117684000
2020-02-10,78.544998,80.387497,78.462502,80.387497,79.398880,109348800
2020-02-11,80.900002,80.974998,79.677498,79.902496,78.919861,94323200
2020-02-12,80.367500,81.805000,80.367500,81.800003,80.794022,113730400
2020-02-13,81.047501,81.555000,80.837502,81.217499,80.218674,94747600
2020-02-14,81.184998,81.495003,80.712502,81.237503,80.238434,80113600
2020-02-18,78.839996,79.937500,78.652496,79.750000,78.769226,152531200
2020-02-19,80.000000,81.142502,80.000000,80.904999,79.910034,93984000
2020-02-20,80.657501,81.162498,79.552498,80.074997,79.090225,100566000
2020-02-21,79.654999,80.112503,77.625000,78.262497,77.300018,129554000
2020-02-24,74.315002,76.044998,72.307503,74.544998,73.628235,222195200
2020-02-25,75.237503,75.632500,71.532501,72.019997,71.134285,230673600
2020-02-26,71.632500,74.470001,71.625000,73.162498,72.262733,198054800
2020-02-27,70.275002,71.500000,68.239998,68.379997,67.539055,320605600
2020-02-28,64.315002,69.602501,64.092499,68.339996,67.499542,426510000
2020-03-02,70.570000,75.360001,69.430000,74.702499,73.783806,341397200
2020-03-03,75.917503,76.000000,71.449997,72.330002,71.440475,319475600
2020-03-04,74.110001,75.849998,73.282501,75.684998,74.754211,219178400
2020-03-05,73.879997,74.887497,72.852501,73.230003,72.329407,187572800
2020-03-06,70.500000,72.705002,70.307503,72.257500,71.368881,226176800
2020-03-09,65.937500,69.522499,65.750000,66.542503,65.724167,286744800
2020-03-10,69.285004,71.610001,67.342499,71.334999,70.457710,285290000
2020-03-11,69.347504,70.305000,67.964996,68.857498,68.010689,255598800
2020-03-12,63.985001,67.500000,62.000000,62.057499,61.294308,418474000
2020-03-13,66.222504,69.980003,63.237499,69.492500,68.637871,370732000
2020-03-16,60.487499,64.769997,60.000000,60.552502,59.807827,322423600
2020-03-17,61.877499,64.402496,59.599998,63.215000,62.437576,324056000
2020-03-18,59.942501,62.500000,59.279999,61.667500,60.909103,300233600
2020-03-19,61.847500,63.209999,60.652500,61.195000,60.442417,271857200
2020-03-20,61.794998,62.957500,57.000000,57.310001,56.605194,401693200
2020-03-23,57.020000,57.125000,53.152500,56.092499,55.402664,336752800
2020-03-24,59.090000,61.922501,58.575001,61.720001,60.960960,287531200
2020-03-25,62.687500,64.562500,61.075001,61.380001,60.625145,303602000
2020-03-26,61.630001,64.669998,61.590000,64.610001,63.815430,252087200
2020-03-27,63.187500,63.967499,61.762501,61.935001,61.173321,204216800
2020-03-30,62.685001,63.880001,62.349998,63.702499,62.919079,167976400
2020-03-31,63.900002,65.622498,63.000000,63.572498,62.790680,197002000
2020-04-01,61.625000,62.180000,59.782501,60.227501,59.486824,176218400
2020-04-02,60.084999,61.287498,59.224998,61.232498,60.479458,165934000
2020-04-03,60.700001,61.424999,59.742500,60.352501,59.610283,129880000
2020-04-06,62.724998,65.777496,62.345001,65.617500,64.810532,201820400
2020-04-07,67.699997,67.925003,64.750000,64.857498,64.059875,202887200
2020-04-08,65.684998,66.842499,65.307503,66.517502,65.699463,168895200
2020-04-09,67.175003,67.517502,66.175003,66.997498,66.173553,161834800
2020-04-13,67.077499,68.425003,66.457497,68.312500,67.472382,131022800
2020-04-14,70.000000,72.062500,69.512497,71.762497,70.879951,194994800
2020-04-15,70.599998,71.582497,70.157501,71.107498,70.233009,131154400
2020-04-16,71.845001,72.050003,70.587502,71.672501,70.791069,157125200
2020-04-17,71.172501,71.737503,69.214996,70.699997,69.830528,215250000
2020-04-20,69.487503,70.419998,69.212502,69.232498,68.381073,130015200
2020-04-21,69.070000,69.312500,66.357498,67.092499,66.267395,180991600
2020-04-22,68.402496,69.474998,68.050003,69.025002,68.176125,116862400
2020-04-23,68.967499,70.437500,68.717499,68.757500,67.911911,124814400
2020-04-24,69.300003,70.752502,69.250000,70.742500,69.872505,126161200
2020-04-27,70.449997,71.135002,69.987503,70.792503,69.921890,117087600
2020-04-28,71.269997,71.457497,69.550003,69.644997,68.788506,112004800
2020-04-29,71.182503,72.417503,70.972504,71.932503,71.047859,137280800
2020-04-30,72.489998,73.632500,72.087502,73.449997,72.546692,183064000
2020-05-01,71.562500,74.750000,71.462502,72.267502,71.378754,240616800
2020-05-04,72.292503,73.422501,71.580002,73.290001,72.388680,133568000
2020-05-05,73.764999,75.250000,73.614998,74.389999,73.475143,147751200
2020-05-06,75.114998,75.809998,74.717499,75.157501,74.233208,142333600
2020-05-07,75.805000,76.292503,75.492500,75.934998,75.001137,115215200
2020-05-08,76.410004,77.587502,76.072502,77.532501,76.786293,133838400
2020-05-11,77.025002,79.262497,76.809998,78.752502,77.994560,145946400
2020-05-12,79.457497,79.922501,77.727501,77.852501,77.103218,162301200
2020-05-13,78.037498,78.987503,75.802498,76.912498,76.172256,200622400
2020-05-14,76.127502,77.447502,75.382500,77.385002,76.640221,158929200
2020-05-15,75.087502,76.974998,75.052498,76.927498,76.187119,166348400
2020-05-18,78.292503,79.125000,77.580002,78.739998,77.982170,135178400
2020-05-19,78.757500,79.629997,78.252502,78.285004,77.531555,101729600
2020-05-20,79.169998,79.879997,79.129997,79.807503,79.039406,111504800
2020-05-21,79.665001,80.222504,78.967499,79.212502,78.450134,102688800
2020-05-22,78.942497,79.807503,78.837502,79.722504,78.955231,81803200
2020-05-26,80.875000,81.059998,79.125000,79.182503,78.420418,125522000
2020-05-27,79.035004,79.677498,78.272499,79.527496,78.762093,112945200
2020-05-28,79.192497,80.860001,78.907501,79.562500,78.796761,133560800
2020-05-29,79.812500,80.287498,79.117500,79.485001,78.720009,153532400
2020-06-01,79.437500,80.587502,79.302498,80.462502,79.688095,80791200
2020-06-02,80.187500,80.860001,79.732498,80.834999,80.057007,87642800
2020-06-03,81.165001,81.550003,80.574997,81.279999,80.497726,104491200
2020-06-04,81.097504,81.404999,80.195000,80.580002,79.804474,87560400
2020-06-05,80.837502,82.937500,80.807503,82.875000,82.077377,137250400
2020-06-08,82.562500,83.400002,81.830002,83.364998,82.562660,95654400
2020-06-09,83.035004,86.402496,83.002502,85.997498,85.169823,147712400
2020-06-10,86.974998,88.692497,86.522499,88.209999,87.361023,166651600
2020-06-11,87.327499,87.764999,83.870003,83.974998,83.166786,201662400
2020-06-12,86.180000,86.949997,83.555000,84.699997,83.884804,200146000
2020-06-15,83.312500,86.419998,83.144997,85.747498,84.922226,138808800
2020-06-16,87.864998,88.300003,86.180000,88.019997,87.172852,165428800
2020-06-17,88.787498,88.849998,87.772499,87.897499,87.051537,114406400
2020-06-18,87.852501,88.362503,87.305000,87.932503,87.086205,96820400
2020-06-19,88.660004,89.139999,86.287498,87.430000,86.588539,264476000
2020-06-22,87.834999,89.864998,87.787498,89.717499,88.854019,135445200
2020-06-23,91.000000,93.095001,90.567497,91.632500,90.750587,212155600
2020-06-24,91.250000,92.197502,89.629997,90.014999,89.148666,192623200
2020-06-25,90.175003,91.250000,89.392502,91.209999,90.332161,137522400
2020-06-26,91.102501,91.330002,88.254997,88.407501,87.556633,205256800
2020-06-29,88.312500,90.542503,87.820000,90.445000,89.574524,130646000
2020-06-30,90.019997,91.495003,90.000000,91.199997,90.322250,140223200
2020-07-01,91.279999,91.839996,90.977501,91.027496,90.151421,110737200
2020-07-02,91.962502,92.617500,90.910004,91.027496,90.151421,114041600
2020-07-06,92.500000,93.945000,92.467499,93.462502,92.562973,118655600
2020-07-07,93.852501,94.654999,93.057503,93.172501,92.275780,112424400
2020-07-08,94.180000,95.375000,94.089996,95.342499,94.424889,117092000
2020-07-09,96.262497,96.317497,94.672501,95.752502,94.830940,125642800
2020-07-10,95.334999,95.980003,94.705002,95.919998,94.996834,90257200
2020-07-13,97.264999,99.955002,95.257500,95.477501,94.558586,191649200
2020-07-14,94.839996,97.254997,93.877502,97.057503,96.123375,170989200
2020-07-15,98.989998,99.247498,96.489998,97.724998,96.784462,153198000
2020-07-16,96.562500,97.404999,95.904999,96.522499,95.593529,110577600
2020-07-17,96.987503,97.147499,95.839996,96.327499,95.400398,92186800
2020-07-20,96.417503,98.500000,96.062500,98.357498,97.410866,90318000
2020-07-21,99.172501,99.250000,96.742500,97.000000,96.066429,103433200
2020-07-22,96.692497,97.974998,96.602501,97.272499,96.336311,89001600
2020-07-23,96.997498,97.077499,92.010002,92.845001,91.951431,197004400
2020-07-24,90.987503,92.970001,89.144997,92.614998,91.723633,185438800
2020-07-27,93.709999,94.904999,93.480003,94.809998,93.897499,121214000
2020-07-28,94.367500,94.550003,93.247498,93.252502,92.354996,103625600
2020-07-29,93.750000,95.230003,93.712502,95.040001,94.125298,90329200
2020-07-30,94.187500,96.297501,93.767502,96.190002,95.264229,158130000
2020-07-31,102.885002,106.415001,100.824997,106.260002,105.237312,374336800
2020-08-03,108.199997,111.637497,107.892502,108.937500,107.889053,308151200
2020-08-04,109.132500,110.790001,108.387497,109.665001,108.609528,173071600
2020-08-05,109.377502,110.392502,108.897499,110.062500,109.003204,121776800
2020-08-06,110.404999,114.412498,109.797501,113.902496,112.806259,202428800
2020-08-07,113.205002,113.675003,110.292503,111.112503,110.241516,198045600
2020-08-10,112.599998,113.775002,110.000000,112.727501,111.843857,212403600
2020-08-11,111.970001,112.482498,109.107498,109.375000,108.517632,187902400
2020-08-12,110.497498,113.275002,110.297501,113.010002,112.124138,165598000
2020-08-13,114.430000,116.042503,113.927498,115.010002,114.108459,210082000
2020-08-14,114.830002,115.000000,113.044998,114.907501,114.006767,165565200
2020-08-17,116.062500,116.087502,113.962502,114.607498,113.709122,119561600
2020-08-18,114.352501,116.000000,114.007500,115.562500,114.656639,105633600
2020-08-19,115.982498,117.162498,115.610001,115.707497,114.800499,145538000
2020-08-20,115.750000,118.392502,115.732498,118.275002,117.347878,126907200
2020-08-21,119.262497,124.867500,119.250000,124.370003,123.395096,338054800
2020-08-24,128.697495,128.785004,123.937500,125.857498,124.870926,345937600
2020-08-25,124.697502,125.180000,123.052498,124.824997,123.846527,211495600
2020-08-26,126.180000,126.992500,125.082497,126.522499,125.530716,163022400
2020-08-27,127.142502,127.485001,123.832497,125.010002,124.030083,155552400
2020-08-28,126.012497,126.442497,124.577499,124.807503,123.829170,187630000
2020-08-31,127.580002,131.000000,126.000000,129.039993,128.028488,225702700
2020-09-01,132.759995,134.800003,130.529999,134.179993,133.128204,151948100
2020-09-02,137.589996,137.979996,127.000000,131.399994,130.369980,200119000
2020-09-03,126.910004,128.839996,120.500000,120.879997,119.932457,257599600
2020-09-04,120.070000,123.699997,110.889999,120.959999,120.011826,332607200
2020-09-08,113.949997,118.989998,112.680000,112.820000,111.935631,231366600
2020-09-09,117.260002,119.139999,115.260002,117.320000,116.400360,176940500
2020-09-10,120.360001,120.500000,112.500000,113.489998,112.600388,182274400
2020-09-11,114.570000,115.230003,110.000000,112.000000,111.122055,180860300
2020-09-14,114.720001,115.930000,112.800003,115.360001,114.455719,140150100
2020-09-15,118.330002,118.830002,113.610001,115.540001,114.634315,184642000
2020-09-16,115.230003,116.000000,112.040001,112.129997,111.251038,154679000
2020-09-17,109.720001,112.199997,108.709999,110.339996,109.475067,178011000
2020-09-18,110.400002,110.879997,106.089996,106.839996,106.002510,287104900
2020-09-21,104.540001,110.190002,103.099998,110.080002,109.217117,195713800
2020-09-22,112.680000,112.860001,109.160004,111.809998,110.933548,183055400
2020-09-23,111.620003,112.110001,106.769997,107.120003,106.280319,150718700
2020-09-24,105.169998,110.250000,105.000000,108.220001,107.371689,167743300
2020-09-25,108.430000,112.440002,107.669998,112.279999,111.399872,149981400
2020-09-28,115.010002,115.320000,112.779999,114.959999,114.058853,137672400
2020-09-29,114.550003,115.309998,113.570000,114.089996,113.195671,99382200
2020-09-30,113.790001,117.260002,113.620003,115.809998,114.902191,142675200
2020-10-01,117.639999,117.720001,115.830002,116.790001,115.874519,116120400
2020-10-02,112.889999,115.370003,112.220001,113.019997,112.134056,144712000
2020-10-05,113.910004,116.650002,113.550003,116.500000,115.586792,106243800
2020-10-06,115.699997,116.120003,112.250000,113.160004,112.272972,161498200
2020-10-07,114.620003,115.550003,114.129997,115.080002,114.177917,96849000
2020-10-08,116.250000,116.400002,114.589996,114.970001,114.068779,83477200
2020-10-09,115.279999,117.000000,114.919998,116.970001,116.053101,100506900
2020-10-12,120.059998,125.180000,119.279999,124.400002,123.424866,240226800
2020-10-13,125.269997,125.389999,119.650002,121.099998,120.150734,262330500
2020-10-14,121.000000,123.029999,119.620003,121.190002,120.240021,150712000
2020-10-15,118.720001,121.199997,118.150002,120.709999,119.763794,112559200
2020-10-16,121.279999,121.550003,118.809998,119.019997,118.087021,115393800
2020-10-19,119.959999,120.419998,115.660004,115.980003,115.070869,120639300
2020-10-20,116.199997,118.980003,115.629997,117.510002,116.588882,124423700
2020-10-21,116.669998,118.709999,116.449997,116.870003,115.953896,89946000
2020-10-22,117.449997,118.040001,114.589996,115.750000,114.842674,101988000
2020-10-23,116.389999,116.550003,114.279999,115.040001,114.138237,82572600
2020-10-26,114.010002,116.550003,112.879997,115.050003,114.148163,111850700
2020-10-27,115.489998,117.279999,114.540001,116.599998,115.686005,92276800
2020-10-28,115.050003,115.430000,111.099998,111.199997,110.328331,143937800
2020-10-29,112.370003,116.930000,112.199997,115.320000,114.416031,146129200
2020-10-30,111.059998,111.989998,107.720001,108.860001,108.006676,190272600
2020-11-02,109.110001,110.680000,107.320000,108.769997,107.917374,122866900
2020-11-03,109.660004,111.489998,108.730003,110.440002,109.574295,107624400
2020-11-04,114.139999,115.589996,112.349998,114.949997,114.048943,138235500
2020-11-05,117.949997,119.620003,116.870003,119.029999,118.096947,126387100
2020-11-06,118.320000,119.199997,116.129997,118.690002,117.962791,114457900
2020-11-09,120.500000,121.989998,116.050003,116.320000,115.607307,154515300
2020-11-10,115.550003,117.589996,114.129997,115.970001,115.259453,138023400
2020-11-11,117.190002,119.629997,116.440002,119.489998,118.757889,112295000
2020-11-12,119.620003,120.529999,118.570000,119.209999,118.479591,103162300
2020-11-13,119.440002,119.669998,117.870003,119.260002,118.529289,81581900
2020-11-16,118.919998,120.989998,118.150002,120.300003,119.562920,91183000
2020-11-17,119.550003,120.669998,118.959999,119.389999,118.658493,74271000
2020-11-18,118.610001,119.820000,118.000000,118.029999,117.306824,76322100
2020-11-19,117.589996,119.059998,116.809998,118.639999,117.913094,74113000
2020-11-20,118.639999,118.769997,117.290001,117.339996,116.621048,73604300
2020-11-23,117.180000,117.620003,113.750000,113.849998,113.152443,127959300
2020-11-24,113.910004,115.849998,112.589996,115.169998,114.464355,113874200
2020-11-25,115.550003,116.750000,115.169998,116.029999,115.319077,76499200
2020-11-27,116.570000,117.489998,116.220001,116.589996,115.875641,46691300
2020-11-30,116.970001,120.970001,116.809998,119.050003,118.320587,169410200
2020-12-01,121.010002,123.470001,120.010002,122.720001,121.968094,127728200
2020-12-02,122.019997,123.370003,120.889999,123.080002,122.325890,89004200
2020-12-03,123.519997,123.779999,122.209999,122.940002,122.186745,78967600
2020-12-04,122.599998,122.860001,121.519997,122.250000,121.500977,78260400
2020-12-07,122.309998,124.570000,122.250000,123.750000,122.991791,86712000
2020-12-08,124.370003,124.980003,123.089996,124.379997,123.617920,82225500
2020-12-09,124.529999,125.949997,121.000000,121.779999,121.033852,115089200
2020-12-10,120.500000,123.870003,120.150002,123.239998,122.484909,81312200
2020-12-11,122.430000,122.760002,120.550003,122.410004,121.659996,86939800
2020-12-14,122.599998,123.349998,121.540001,121.779999,121.033852,79184500
2020-12-15,124.339996,127.900002,124.129997,127.879997,127.096481,157243700
2020-12-16,127.410004,128.369995,126.559998,127.809998,127.026901,98208600
2020-12-17,128.899994,129.580002,128.039993,128.699997,127.911461,94359800
2020-12-18,128.960007,129.100006,126.120003,126.660004,125.883957,192541500
2020-12-21,125.019997,128.309998,123.449997,128.229996,127.444321,121251600
2020-12-22,131.610001,134.410004,129.649994,131.880005,131.071976,168904800
2020-12-23,132.160004,132.429993,130.779999,130.960007,130.157608,88223700
2020-12-24,131.320007,133.460007,131.100006,131.970001,131.161423,54930100
2020-12-28,133.990005,137.339996,133.509995,136.690002,135.852509,124486200
2020-12-29,138.050003,138.789993,134.339996,134.869995,134.043655,121047300
2020-12-30,135.580002,135.990005,133.399994,133.720001,132.900696,96452100
2020-12-31,134.080002,134.740005,131.720001,132.690002,131.877014,99116600
2021-01-04,133.520004,133.610001,126.760002,129.410004,128.617096,143301900
2021-01-05,128.889999,131.740005,128.429993,131.009995,130.207306,97664900
2021-01-06,127.720001,131.050003,126.379997,126.599998,125.824318,155088000
2021-01-07,128.360001,131.630005,127.860001,130.919998,130.117844,109578200
2021-01-08,132.429993,132.630005,130.229996,132.050003,131.240921,105158200
2021-01-11,129.190002,130.169998,128.500000,128.979996,128.189713,100384500
2021-01-12,128.500000,129.690002,126.860001,128.800003,128.010849,91951100
2021-01-13,128.759995,131.449997,128.490005,130.889999,130.088043,88636800
2021-01-14,130.800003,131.000000,128.759995,128.910004,128.120163,90221800
2021-01-15,128.779999,130.220001,127.000000,127.139999,126.361008,111598500
2021-01-19,127.779999,128.710007,126.940002,127.830002,127.046776,90757300
2021-01-20,128.660004,132.490005,128.550003,132.029999,131.221039,104319500
2021-01-21,133.800003,139.669998,133.589996,136.869995,136.031387,120150900
2021-01-22,136.279999,139.850006,135.020004,139.070007,138.217926,114459400
2021-01-25,143.070007,145.089996,136.539993,142.919998,142.044327,157611700
2021-01-26,143.600006,144.300003,141.369995,143.160004,142.282852,98390600
2021-01-27,143.429993,144.300003,140.410004,142.059998,141.189590,140843800
2021-01-28,139.520004,141.990005,136.699997,137.089996,136.250061,142621100
2021-01-29,135.830002,136.740005,130.210007,131.960007,131.151489,177523800
2021-02-01,133.750000,135.380005,130.929993,134.139999,133.318130,106239800
2021-02-02,135.729996,136.309998,134.610001,134.990005,134.162918,83305400
2021-02-03,135.759995,135.770004,133.610001,133.940002,133.119339,89880900
2021-02-04,136.300003,137.399994,134.589996,137.389999,136.548203,84183100
2021-02-05,137.350006,137.419998,135.860001,136.759995,136.125168,75693800
2021-02-08,136.029999,136.960007,134.919998,136.910004,136.274490,71297200
2021-02-09,136.619995,137.880005,135.850006,136.009995,135.378647,76774200
2021-02-10,136.479996,136.990005,134.399994,135.389999,134.761536,73046600
2021-02-11,135.899994,136.389999,133.770004,135.130005,134.502747,64280000
2021-02-12,134.350006,135.529999,133.690002,135.369995,134.741623,60145100
2021-02-16,135.490005,136.009995,132.789993,133.190002,132.571747,80576300
2021-02-17,131.250000,132.220001,129.470001,130.839996,130.232651,97918500
2021-02-18,129.199997,130.000000,127.410004,129.710007,129.107910,96856700
2021-02-19,130.240005,130.710007,128.800003,129.869995,129.267151,87668800
2021-02-22,128.009995,129.720001,125.599998,126.000000,125.415123,103916400
2021-02-23,123.760002,126.709999,118.389999,125.860001,125.275772,158273000
2021-02-24,124.940002,125.559998,122.230003,125.349998,124.768143,111039900
2021-02-25,124.680000,126.459999,120.540001,120.989998,120.428375,148199500
2021-02-26,122.589996,124.849998,121.199997,121.260002,120.697128,164560400
2021-03-01,123.750000,127.930000,122.790001,127.790001,127.196815,116307900
2021-03-02,128.410004,128.720001,125.010002,125.120003,124.539215,102260900
2021-03-03,124.809998,125.709999,121.839996,122.059998,121.493416,112966300
2021-03-04,121.750000,123.599998,118.620003,120.129997,119.572365,178155000
2021-03-05,120.980003,121.940002,117.570000,121.419998,120.856384,153766600
2021-03-08,120.930000,121.000000,116.209999,116.360001,115.819870,154376600
2021-03-09,119.029999,122.059998,118.790001,121.089996,120.527916,129525800
2021-03-10,121.690002,122.169998,119.449997,119.980003,119.423073,111943300
2021-03-11,122.540001,123.209999,121.260002,121.959999,121.393883,103026500
2021-03-12,120.400002,121.169998,119.160004,121.029999,120.468185,88105100
2021-03-15,121.410004,124.000000,120.419998,123.989998,123.414452,92403800
2021-03-16,125.699997,127.220001,124.720001,125.570000,124.987122,115227900
2021-03-17,124.050003,125.860001,122.339996,124.760002,124.180885,111932600
2021-03-18,122.879997,123.180000,120.320000,120.529999,119.970512,121229700
2021-03-19,119.900002,121.430000,119.680000,119.989998,119.433022,185549500
2021-03-22,120.330002,123.870003,120.260002,123.389999,122.817245,111912300
2021-03-23,123.330002,124.239998,122.139999,122.540001,121.971184,95467100
2021-03-24,122.820000,122.900002,120.070000,120.089996,119.532555,88530500
2021-03-25,119.540001,121.660004,119.000000,120.589996,120.030228,98844700
2021-03-26,120.349998,121.480003,118.919998,121.209999,120.647354,94071200
2021-03-29,121.650002,122.580002,120.730003,121.389999,120.826523,80819200
2021-03-30,120.110001,120.400002,118.860001,119.900002,119.343437,85671900
2021-03-31,121.650002,123.519997,121.150002,122.150002,121.583000,118323800
2021-04-01,123.660004,124.180000,122.489998,123.000000,122.429047,75089100
2021-04-05,123.870003,126.160004,123.070000,125.900002,125.315598,88651200
2021-04-06,126.500000,127.129997,125.650002,126.209999,125.624153,80171300
2021-04-07,125.830002,127.919998,125.139999,127.900002,127.306313,83466700
2021-04-08,128.949997,130.389999,128.520004,130.360001,129.754883,88844600
2021-04-09,129.800003,133.039993,129.470001,133.000000,132.382614,106686700
2021-04-12,132.520004,132.850006,130.630005,131.240005,130.630814,91420000
2021-04-13,132.440002,134.660004,131.929993,134.429993,133.806000,91266500
2021-04-14,134.940002,135.000000,131.660004,132.029999,131.417130,87222800
2021-04-15,133.820007,135.000000,133.639999,134.500000,133.875671,89347100
2021-04-16,134.300003,134.669998,133.279999,134.160004,133.537262,84922400
2021-04-19,133.509995,135.470001,133.339996,134.839996,134.214096,94264200
2021-04-20,135.020004,135.529999,131.809998,133.110001,132.492126,94812300
2021-04-21,132.360001,133.750000,131.300003,133.500000,132.880310,68847100
2021-04-22,133.039993,134.149994,131.410004,131.940002,131.327560,84566500
2021-04-23,132.160004,135.119995,132.160004,134.320007,133.696503,78657500
2021-04-26,134.830002,135.059998,133.559998,134.720001,134.094650,66905100
2021-04-27,135.009995,135.410004,134.110001,134.389999,133.766190,66015800
2021-04-28,134.309998,135.020004,133.080002,133.580002,132.959946,107760100
2021-04-29,136.470001,137.070007,132.449997,133.479996,132.860397,151101000
2021-04-30,131.779999,133.559998,131.070007,131.460007,130.849792,109839500
2021-05-03,132.039993,134.070007,131.830002,132.539993,131.924744,75135100
2021-05-04,131.190002,131.490005,126.699997,127.849998,127.256538,137564700
2021-05-05,129.199997,130.449997,127.970001,128.100006,127.505386,84000900
2021-05-06,127.889999,129.750000,127.129997,129.740005,129.137772,78128300
2021-05-07,130.850006,131.259995,129.479996,130.210007,129.825729,78973300
2021-05-10,129.410004,129.539993,126.809998,126.849998,126.475647,88071200
2021-05-11,123.500000,126.269997,122.769997,125.910004,125.538422,126142800
2021-05-12,123.400002,124.639999,122.250000,122.769997,122.407684,112172300
2021-05-13,124.580002,126.150002,124.260002,124.970001,124.601196,105861300
2021-05-14,126.250000,127.889999,125.849998,127.449997,127.073868,81918000
2021-05-17,126.820000,126.930000,125.169998,126.269997,125.897346,74244600
2021-05-18,126.559998,126.989998,124.779999,124.849998,124.481544,63342900
2021-05-19,123.160004,124.919998,122.860001,124.690002,124.322021,92612000
2021-05-20,125.230003,127.720001,125.099998,127.309998,126.934288,76857100
2021-05-21,127.820000,128.000000,125.209999,125.430000,125.059837,79295400
2021-05-24,126.010002,127.940002,125.940002,127.099998,126.724907,63092900
2021-05-25,127.820000,128.320007,126.320000,126.900002,126.525497,72009500
2021-05-26,126.959999,127.389999,126.419998,126.849998,126.475647,56575900
2021-05-27,126.440002,127.639999,125.080002,125.279999,124.910278,94625600
2021-05-28,125.570000,125.800003,124.550003,124.610001,124.242256,71311100
2021-06-01,125.080002,125.349998,123.940002,124.279999,123.913231,67637100
2021-06-02,124.279999,125.239998,124.050003,125.059998,124.690926,59278900
2021-06-03,124.680000,124.849998,123.129997,123.540001,123.175415,76229200
2021-06-04,124.070000,126.160004,123.849998,125.889999,125.518478,75169300
2021-06-07,126.169998,126.320000,124.830002,125.900002,125.528450,71057600
2021-06-08,126.599998,128.460007,126.209999,126.739998,126.365967,74403800
2021-06-09,127.209999,127.750000,126.519997,127.129997,126.754814,56877900
2021-06-10,127.019997,128.190002,125.940002,126.110001,125.737831,71186400
2021-06-11,126.529999,127.440002,126.099998,127.349998,126.974167,53522400
2021-06-14,127.820000,130.539993,127.070000,130.479996,130.094925,96906500
2021-06-15,129.940002,130.600006,129.389999,129.639999,129.257401,62746300
2021-06-16,130.369995,130.889999,128.460007,130.149994,129.765900,91815000
2021-06-17,129.800003,132.550003,129.649994,131.789993,131.401062,96721700
2021-06-18,130.710007,131.509995,130.240005,130.460007,130.074997,108953300
2021-06-21,130.300003,132.410004,129.210007,132.300003,131.909561,79663300
2021-06-22,132.130005,134.080002,131.619995,133.979996,133.584595,74783600
2021-06-23,133.770004,134.320007,133.229996,133.699997,133.305435,60214200
2021-06-24,134.449997,134.639999,132.929993,133.410004,133.016281,68711000
2021-06-25,133.460007,133.889999,132.809998,133.110001,132.717178,70783700
2021-06-28,133.410004,135.250000,133.350006,134.779999,134.382233,62111300
2021-06-29,134.800003,136.490005,134.350006,136.330002,135.927658,64556100
2021-06-30,136.169998,137.410004,135.869995,136.960007,136.555817,63261400
2021-07-01,136.600006,137.330002,135.759995,137.270004,136.864899,52485800
2021-07-02,137.899994,140.000000,137.750000,139.960007,139.546967,78852600
2021-07-06,140.070007,143.149994,140.070007,142.020004,141.600876,108181800
2021-07-07,143.539993,144.889999,142.660004,144.570007,144.143356,104911600
2021-07-08,141.580002,144.059998,140.669998,143.240005,142.817276,105575500
2021-07-09,142.750000,145.649994,142.649994,145.110001,144.681763,99890800
2021-07-12,146.210007,146.320007,144.000000,144.500000,144.073547,76299700
2021-07-13,144.029999,147.460007,143.630005,145.639999,145.210190,100827100
2021-07-14,148.100006,149.570007,147.679993,149.149994,148.709824,127050800
2021-07-15,149.240005,150.000000,147.089996,148.479996,148.041809,106820300
2021-07-16,148.460007,149.759995,145.880005,146.389999,145.957977,93251400
2021-07-19,143.750000,144.070007,141.669998,142.449997,142.029602,121434600
2021-07-20,143.460007,147.100006,142.960007,146.149994,145.718689,96350000
2021-07-21,145.529999,146.130005,144.630005,145.399994,144.970886,74993500
2021-07-22,145.940002,148.199997,145.809998,146.800003,146.366760,77338200
2021-07-23,147.550003,148.720001,146.919998,148.559998,148.121567,71447400
2021-07-26,148.270004,149.830002,147.699997,148.990005,148.550308,72434100
2021-07-27,149.119995,149.210007,145.550003,146.770004,146.336853,104818600
2021-07-28,144.809998,146.970001,142.539993,144.979996,144.552124,118931200
2021-07-29,144.690002,146.550003,144.580002,145.639999,145.210190,56699500
2021-07-30,144.380005,146.330002,144.110001,145.860001,145.429535,70382000
2021-08-02,146.360001,146.949997,145.250000,145.520004,145.090561,62880000
2021-08-03,145.809998,148.039993,145.179993,147.360001,146.925110,64786600
2021-08-04,147.270004,147.789993,146.279999,146.949997,146.516327,56368300
2021-08-05,146.979996,147.839996,146.169998,147.059998,146.626007,46397700
2021-08-06,146.350006,147.110001,145.630005,146.139999,145.927017,54067400
2021-08-09,146.199997,146.699997,145.520004,146.089996,145.877090,48908700
2021-08-10,146.440002,147.710007,145.300003,145.600006,145.387817,69023100
2021-08-11,146.050003,146.720001,145.529999,145.860001,145.647430,48493500
2021-08-12,146.190002,149.050003,145.839996,148.889999,148.673019,72282600
2021-08-13,148.970001,149.440002,148.270004,149.100006,148.882721,59318800
2021-08-16,148.539993,151.190002,146.470001,151.119995,150.899765,103296000
2021-08-17,150.229996,151.679993,149.089996,150.190002,149.971130,92229700
2021-08-18,149.800003,150.720001,146.149994,146.360001,146.146698,86326000
2021-08-19,145.029999,148.000000,144.500000,146.699997,146.486206,86960300
2021-08-20,147.440002,148.500000,146.779999,148.190002,147.974045,59947400
2021-08-23,148.309998,150.190002,147.889999,149.710007,149.491837,60131800
2021-08-24,149.449997,150.860001,149.149994,149.619995,149.401947,48606400
2021-08-25,149.809998,150.320007,147.800003,148.360001,148.143784,58991300
2021-08-26,148.350006,149.119995,147.509995,147.539993,147.324982,48597200
2021-08-27,147.479996,148.750000,146.830002,148.600006,148.383453,55721500
2021-08-30,149.000000,153.490005,148.610001,153.119995,152.896851,90956700
2021-08-31,152.660004,152.800003,151.289993,151.830002,151.608734,86453100
2021-09-01,152.830002,154.979996,152.339996,152.509995,152.287735,80313700
2021-09-02,153.869995,154.720001,152.399994,153.649994,153.426071,71115500
2021-09-03,153.759995,154.630005,153.089996,154.300003,154.075134,57808700
2021-09-07,154.970001,157.259995,154.389999,156.690002,156.461655,82278300
2021-09-08,156.979996,157.039993,153.979996,155.110001,154.883957,74420200
2021-09-09,155.490005,156.110001,153.949997,154.070007,153.845474,57305700
2021-09-10,155.000000,155.479996,148.699997,148.970001,148.752899,140646400
2021-09-13,150.630005,151.419998,148.750000,149.550003,149.332062,102404300
2021-09-14,150.350006,151.070007,146.910004,148.119995,147.904129,109296300
2021-09-15,148.559998,149.440002,146.369995,149.029999,148.812805,83281300
2021-09-16,148.440002,148.970001,147.220001,148.789993,148.573151,68034100
2021-09-17,148.820007,148.820007,145.759995,146.059998,145.847137,129868800
2021-09-20,143.800003,144.839996,141.270004,142.940002,142.731689,123478900
2021-09-21,143.929993,144.600006,142.779999,143.429993,143.220963,75834000
2021-09-22,144.449997,146.429993,143.699997,145.850006,145.637451,76404300
2021-09-23,146.649994,147.080002,145.639999,146.830002,146.616028,64838200
2021-09-24,145.660004,147.470001,145.559998,146.919998,146.705887,53477900
2021-09-27,145.470001,145.960007,143.820007,145.369995,145.158142,74150700
2021-09-28,143.250000,144.750000,141.690002,141.910004,141.703186,108972300
2021-09-29,142.470001,144.449997,142.029999,142.830002,142.621857,74602000
2021-09-30,143.660004,144.380005,141.279999,141.500000,141.293793,88934200
2021-10-01,141.899994,142.919998,139.110001,142.649994,142.442108,94639600
2021-10-04,141.759995,142.210007,138.270004,139.139999,138.937225,98322000
2021-10-05,139.490005,142.240005,139.360001,141.110001,140.904358,80861100
2021-10-06,139.470001,142.149994,138.369995,142.000000,141.793060,83221100
2021-10-07,143.059998,144.220001,142.720001,143.289993,143.081177,61732700
2021-10-08,144.029999,144.179993,142.559998,142.899994,142.691742,58718700
2021-10-11,142.270004,144.809998,141.809998,142.809998,142.601883,64452200
2021-10-12,143.229996,143.250000,141.039993,141.509995,141.303772,73035900
2021-10-13,141.240005,141.399994,139.199997,140.910004,140.704651,78762700
2021-10-14,142.110001,143.880005,141.509995,143.759995,143.550491,69907100
2021-10-15,143.770004,144.899994,143.509995,144.839996,144.628922,67885200
2021-10-18,143.449997,146.839996,143.160004,146.550003,146.336426,85589200
2021-10-19,147.009995,149.169998,146.550003,148.759995,148.543198,76378900
2021-10-20,148.699997,149.750000,148.119995,149.259995,149.042480,58418800
2021-10-21,148.809998,149.639999,147.869995,149.479996,149.262146,61421000
2021-10-22,149.690002,150.179993,148.639999,148.690002,148.473312,58883400
2021-10-25,148.679993,149.369995,147.619995,148.639999,148.423386,50720600
2021-10-26,149.330002,150.839996,149.009995,149.320007,149.102402,60893400
2021-10-27,149.360001,149.729996,148.490005,148.850006,148.633087,56094900
2021-10-28,149.820007,153.169998,149.720001,152.570007,152.347656,100077900
2021-10-29,147.220001,149.940002,146.410004,149.800003,149.581696,124850400
2021-11-01,148.990005,149.699997,147.800003,148.960007,148.742920,74588300
2021-11-02,148.660004,151.570007,148.649994,150.020004,149.801376,69122000
2021-11-03,150.389999,151.970001,149.820007,151.490005,151.269241,54511500
2021-11-04,151.580002,152.429993,150.639999,150.960007,150.740005,60394600
2021-11-05,151.889999,152.199997,150.059998,151.279999,151.279999,65414600
2021-11-08,151.410004,151.570007,150.160004,150.440002,150.440002,55020900
2021-11-09,150.199997,151.429993,150.059998,150.809998,150.809998,56787900
2021-11-10,150.020004,150.130005,147.850006,147.919998,147.919998,65187100
2021-11-11,148.960007,149.429993,147.679993,147.869995,147.869995,41000000